CUENTA,SEXO,CAMPUS,NIVEL,INDICE GENERAL,INDICE GRADUACION,CLASES APROBADAS,CLASES PLAN,CLASES MATRICULADAS,CLASES RET SD,NOMBRE MATERIA,ESTADO,FACULTAD/AREA,NombreCarrera
C11915012 ,FEMENINO,UNITEC-TGU,CFP,0.00,0.00,0.00,8.00,3,3,SEGURIDAD INDUSTRIAL          ,RET,CFP,CFP
C11915012 ,FEMENINO,UNITEC-TGU,CFP,0.00,0.00,0.00,8.00,3,3,SALUD EN EL TRABAJO           ,RET,CFP,CFP
C11915012 ,FEMENINO,UNITEC-TGU,CFP,0.00,0.00,0.00,8.00,3,3,MOT.LID EN SEGU OCU           ,RET,CFP,CFP
11913109  ,MASCULINO,UNITEC-TGU,POSTGRADO,0.00,0.00,0.00,17.00,3,3,TEORÍA ECONÓMICA              ,RET,POSTGRADO,Finanzas
11913109  ,MASCULINO,UNITEC-TGU,POSTGRADO,0.00,0.00,0.00,17.00,3,3,ESTADIS. EN ORGANIZACIONES    ,RET,POSTGRADO,Finanzas
11913109  ,MASCULINO,UNITEC-TGU,POSTGRADO,0.00,0.00,0.00,17.00,3,3,METODOLOGÍA DE INVESTIGACIÓN  ,RET,POSTGRADO,Finanzas
11853178  ,MASCULINO,UNITEC-TGU,POSTGRADO,0.00,0.00,2.00,19.00,1,1,TEORÍA ECONÓMICA              ,RET,POSTGRADO,Proyectos
11853179  ,MASCULINO,UNITEC-TGU,POSTGRADO,0.00,0.00,2.00,19.00,1,1,TEORÍA ECONÓMICA              ,RET,POSTGRADO,Proyectos
11913326  ,FEMENINO,UNITEC-TGU,POSTGRADO,0.00,0.00,0.00,14.00,2,2,ENTORNO Y POLÍTICA ECONÓMICA  ,RET,POSTGRADO,Gestión Servicios Salud
11913326  ,FEMENINO,UNITEC-TGU,POSTGRADO,0.00,0.00,0.00,14.00,2,2,CONTABILIDAD GERENCIAL        ,RET,POSTGRADO,Gestión Servicios Salud
11723024  ,FEMENINO,UNITEC-TGU,POSTGRADO,82.87,83.00,16.00,17.00,1,1,PROYECTO DE GRADUACION        ,RET,POSTGRADO,Dir. Empresarial
11913184  ,FEMENINO,UNITEC-TGU,POSTGRADO,0.00,0.00,0.00,17.00,2,2,ESTADIS. EN ORGANIZACIONES    ,RET,POSTGRADO,Dir. Empresarial
11913184  ,FEMENINO,UNITEC-TGU,POSTGRADO,0.00,0.00,0.00,17.00,2,2,METODOLOGÍA DE INVESTIGACIÓN  ,RET,POSTGRADO,Dir. Empresarial
31121356  ,MASCULINO,UNITEC-TGU,PREGRADO,76.50,77.00,25.00,64.00,1,1,INGLÉS III                    ,RET,FIA,Ing. Sistemas
11441007  ,FEMENINO,UNITEC-TGU,PREGRADO,62.25,74.00,31.00,59.00,3,3,FÍSICA III                    ,RET,FIA,Ing. Energía
11441007  ,FEMENINO,UNITEC-TGU,PREGRADO,62.25,74.00,31.00,59.00,3,3,MATEMATICAS DISCRETAS         ,RET,FIA,Ing. Energía
11441007  ,FEMENINO,UNITEC-TGU,PREGRADO,62.25,74.00,31.00,59.00,3,3,MECÁNICA DE FLUIDOS           ,RET,FIA,Ing. Energía
11641118  ,MASCULINO,UNITEC-TGU,PREGRADO,61.94,72.00,20.00,64.00,3,3,INGLÉS VIII                   ,RET,FIA,Ing. Industrial
11641118  ,MASCULINO,UNITEC-TGU,PREGRADO,61.94,72.00,20.00,64.00,3,3,INGENIERIA ECONOMICA          ,RET,FIA,Ing. Industrial
11641118  ,MASCULINO,UNITEC-TGU,PREGRADO,61.94,72.00,20.00,64.00,3,3,ÁLGEBRA LINEAL                ,RET,FIA,Ing. Industrial
11341153  ,MASCULINO,UNITEC-TGU,PREGRADO,54.69,69.78,20.00,70.00,1,1,ÁLGEBRA LINEAL                ,SD,FIA,Ing. Civil
11911296  ,MASCULINO,UNITEC-TGU,PREGRADO,0.00,0.00,0.00,76.00,4,4,INTRODUCCIÓN AL ÁLGEBRA       ,RET,FIA,Ing. Civil
11911296  ,MASCULINO,UNITEC-TGU,PREGRADO,0.00,0.00,0.00,76.00,4,4,INTRODUC. INGENI.CIVIL        ,RET,FIA,Ing. Civil
11911296  ,MASCULINO,UNITEC-TGU,PREGRADO,0.00,0.00,0.00,76.00,4,4,COMUNICACIÓN ORAL Y ESCRITA   ,RET,FIA,Ing. Civil
11911296  ,MASCULINO,UNITEC-TGU,PREGRADO,0.00,0.00,0.00,76.00,4,4,INGLÉS I                      ,RET,FIA,Ing. Civil
10121068  ,MASCULINO,UNITEC-TGU,PREGRADO,74.54,73.00,28.00,66.00,1,1,FÍSICA IV                     ,SD,FIA,Ing. Mecatro.
11711388  ,MASCULINO,UNITEC-TGU,PREGRADO,70.27,73.00,16.00,66.00,3,3,BIOLOGIA                      ,RET,FIA,Ing. Biomédica
11711388  ,MASCULINO,UNITEC-TGU,PREGRADO,70.27,73.00,16.00,66.00,3,3,ALEMÁN III                    ,RET,FIA,Ing. Biomédica
11711388  ,MASCULINO,UNITEC-TGU,PREGRADO,70.27,73.00,16.00,66.00,3,3,CÁLCULO I DIF. GEO. AN.       ,RET,FIA,Ing. Biomédica
11241157  ,MASCULINO,UNITEC-TGU,PREGRADO,54.63,66.52,18.00,65.00,2,2,CÁLCULO I DIF. GEO. AN.       ,SD,FIA,Ing. Biomédica
11241157  ,MASCULINO,UNITEC-TGU,PREGRADO,54.63,66.52,18.00,65.00,2,2,ÁLGEBRA LINEAL                ,SD,FIA,Ing. Biomédica
10911319  ,FEMENINO,UNITEC-TGU,PREGRADO,60.02,70.12,55.00,58.00,1,1,AUDITORIA DE PROYECTOS        ,SD,FCAS,Finanzas
11911368  ,FEMENINO,UNITEC-TGU,PREGRADO,0.00,0.00,0.00,58.00,4,4,INTRO HOSPITALIDAD Y TURISM   ,RET,FCAS,Turismo
11911368  ,FEMENINO,UNITEC-TGU,PREGRADO,0.00,0.00,0.00,58.00,4,4,COMUNICACIÓN ORAL Y ESCRITA   ,RET,FCAS,Turismo
11911368  ,FEMENINO,UNITEC-TGU,PREGRADO,0.00,0.00,0.00,58.00,4,4,OFIMÁTICA AVANZADA            ,RET,FCAS,Turismo
11911368  ,FEMENINO,UNITEC-TGU,PREGRADO,0.00,0.00,0.00,58.00,4,4,INTRODUCCIÓN AL ÁLGEBRA       ,RET,FCAS,Turismo
31611785  ,MASCULINO,UNITEC-TGU,PREGRADO,68.77,74.00,43.00,59.00,4,4,ÉTICA PROFESIONAL             ,RET,FCAS,Admon. Indust.
31611785  ,MASCULINO,UNITEC-TGU,PREGRADO,68.77,74.00,43.00,59.00,4,4,PORTUGUÉS III                 ,RET,FCAS,Admon. Indust.
31611785  ,MASCULINO,UNITEC-TGU,PREGRADO,68.77,74.00,43.00,59.00,4,4,MERC. E INTERMED. FINANCIEROS ,RET,FCAS,Admon. Indust.
31611785  ,MASCULINO,UNITEC-TGU,PREGRADO,68.77,74.00,43.00,59.00,4,4,ADMIN. DE VENTAS              ,RET,FCAS,Admon. Indust.
11251027  ,MASCULINO,UNITEC-TGU,PREGRADO,79.97,77.00,43.00,58.00,4,4,SIST GESTIÓN LOGÍSTICA        ,RET,FCAS,Mkt y Negocios
11251027  ,MASCULINO,UNITEC-TGU,PREGRADO,79.97,77.00,43.00,58.00,4,4,LAB DISEÑO GRÁFICO            ,RET,FCAS,Mkt y Negocios
11251027  ,MASCULINO,UNITEC-TGU,PREGRADO,79.97,77.00,43.00,58.00,4,4,MARKETING SOCIAL Y SERVICIOS  ,RET,FCAS,Mkt y Negocios
11251027  ,MASCULINO,UNITEC-TGU,PREGRADO,79.97,77.00,43.00,58.00,4,4,OPERA DEL COMER EXT           ,RET,FCAS,Mkt y Negocios
11511248  ,FEMENINO,UNITEC-TGU,PREGRADO,70.12,70.00,44.00,66.00,1,1,DERECHO COMERCIAL INTERNAC.   ,RET,FCAS,Derecho
11911161  ,MASCULINO,UNITEC-TGU,PREGRADO,0.00,0.00,0.00,66.00,4,4,HISTORIA DE HONDURAS          ,RET,FCAS,Derecho
11911161  ,MASCULINO,UNITEC-TGU,PREGRADO,0.00,0.00,0.00,66.00,4,4,OFIMÁTICA I                   ,RET,FCAS,Derecho
11911161  ,MASCULINO,UNITEC-TGU,PREGRADO,0.00,0.00,0.00,66.00,4,4,ESPANOL                       ,RET,FCAS,Derecho
11911161  ,MASCULINO,UNITEC-TGU,PREGRADO,0.00,0.00,0.00,66.00,4,4,INTRO. AL ESTUDIO DEL DERECHO ,RET,FCAS,Derecho
11641221  ,FEMENINO,UNITEC-TGU,PREGRADO,57.00,69.00,6.00,62.00,2,2,ESPANOL                       ,SD,FCAS,Psicología
11641221  ,FEMENINO,UNITEC-TGU,PREGRADO,57.00,69.00,6.00,62.00,2,2,INGLÉS II                     ,SD,FCAS,Psicología
11911355  ,FEMENINO,UNITEC-TGU,PREGRADO,0.00,0.00,0.00,62.00,2,2,INTRODUCCIÓN A LA PSICOLOGÍA  ,SD,FCAS,Psicología
11911355  ,FEMENINO,UNITEC-TGU,PREGRADO,0.00,0.00,0.00,62.00,2,2,INTRODUCCIÓN AL ÁLGEBRA       ,SD,FCAS,Psicología
11411068  ,FEMENINO,UNITEC-TGU,PREGRADO,74.32,78.00,59.00,92.00,3,3,SALUD DE LA MUJER             ,RET,FCS,Medicina
11411068  ,FEMENINO,UNITEC-TGU,PREGRADO,74.32,78.00,59.00,92.00,3,3,SALUD INFANTIL                ,RET,FCS,Medicina
11411068  ,FEMENINO,UNITEC-TGU,PREGRADO,74.32,78.00,59.00,92.00,3,3,CIRUGÍA GENERAL I             ,RET,FCS,Medicina
11441056  ,FEMENINO,UNITEC-TGU,PREGRADO,70.53,72.00,62.00,92.00,3,3,SALUD DEL ADULTO I (A)        ,RET,FCS,Medicina
11441056  ,FEMENINO,UNITEC-TGU,PREGRADO,70.53,72.00,62.00,92.00,3,3,CIRUGÍA GENERAL II (A)        ,RET,FCS,Medicina
11441056  ,FEMENINO,UNITEC-TGU,PREGRADO,70.53,72.00,62.00,92.00,3,3,EPIDEMIOL SALUD COLECT I (A)  ,RET,FCS,Medicina
11611027  ,MASCULINO,UNITEC-TGU,PREGRADO,64.23,70.00,29.00,92.00,1,1,MICROBIOLOGÍA E INMUNOLOGÍA   ,RET,FCS,Medicina
11911057  ,FEMENINO,UNITEC-TGU,PREGRADO,0.00,0.00,0.00,92.00,4,4,HISTORIA DE HONDURAS          ,SD,FCS,Medicina
11911057  ,FEMENINO,UNITEC-TGU,PREGRADO,0.00,0.00,0.00,92.00,4,4,INTRODUCCIÓN AL ÁLGEBRA       ,SD,FCS,Medicina
11911057  ,FEMENINO,UNITEC-TGU,PREGRADO,0.00,0.00,0.00,92.00,4,4,ESPANOL                       ,SD,FCS,Medicina
11911057  ,FEMENINO,UNITEC-TGU,PREGRADO,0.00,0.00,0.00,92.00,4,4,QUÍMICA MÉDICA I              ,SD,FCS,Medicina
C21915140 ,FEMENINO,UNITEC-SPS,CFP,0.00,0.00,0.00,8.00,3,3,CONTA PARA PRO Y TRANS COMR   ,RET,CFP,CFP
C21915140 ,FEMENINO,UNITEC-SPS,CFP,0.00,0.00,0.00,8.00,3,3,CONCEPTOS Y PRIN CONTABLES    ,RET,CFP,CFP
C21915140 ,FEMENINO,UNITEC-SPS,CFP,0.00,0.00,0.00,8.00,3,3,FUNDAMENTOS DE LAS NIIF       ,RET,CFP,CFP
21713009  ,FEMENINO,UNITEC-SPS,POSTGRADO,92.09,92.00,16.00,17.00,1,1,PROYECTO DE GRADUACIÓN        ,RET,POSTGRADO,RRHH
21713091  ,FEMENINO,UNITEC-SPS,POSTGRADO,88.40,88.00,16.00,17.00,1,1,PROYECTO DE GRADUACIÓN        ,RET,POSTGRADO,Dir. Empresarial
21813040  ,FEMENINO,UNITEC-SPS,POSTGRADO,0.00,0.00,0.00,13.00,1,1,ESTADIS. EN ORGANIZACIONES    ,RET,POSTGRADO,Dir. Empresarial
21641286  ,MASCULINO,UNITEC-SPS,PREGRADO,0.00,67.00,6.00,64.00,1,1,INTRODUCCIÓN AL ÁLGEBRA       ,RET,FIA,Ing. Sistemas
21911009  ,FEMENINO,UNITEC-SPS,PREGRADO,0.00,0.00,0.00,64.00,4,4,INTRODUCCIÓN AL ÁLGEBRA       ,SD,FIA,Ing. Sistemas
21911009  ,FEMENINO,UNITEC-SPS,PREGRADO,0.00,0.00,0.00,64.00,4,4,OFIMÁTICA AVANZADA            ,SD,FIA,Ing. Sistemas
21911009  ,FEMENINO,UNITEC-SPS,PREGRADO,0.00,0.00,0.00,64.00,4,4,HISTORIA DE HONDURAS          ,SD,FIA,Ing. Sistemas
21911009  ,FEMENINO,UNITEC-SPS,PREGRADO,0.00,0.00,0.00,64.00,4,4,COMUNICACIÓN ORAL Y ESCRITA   ,SD,FIA,Ing. Sistemas
21911154  ,FEMENINO,UNITEC-SPS,PREGRADO,0.00,0.00,0.00,74.00,4,4,OFIMÁTICA I                   ,SD,FIA,Arquitectura
21911154  ,FEMENINO,UNITEC-SPS,PREGRADO,0.00,0.00,0.00,74.00,4,4,ESPAÑOL                       ,SD,FIA,Arquitectura
21911154  ,FEMENINO,UNITEC-SPS,PREGRADO,0.00,0.00,0.00,74.00,4,4,PERCEPCIÓN / REPRESENTACIÓN I  ,SD,FIA,Arquitectura
21911154  ,FEMENINO,UNITEC-SPS,PREGRADO,0.00,0.00,0.00,74.00,4,4,INTRODUCCIÓN AL DISEÑO        ,SD,FIA,Arquitectura
21911418  ,FEMENINO,UNITEC-SPS,PREGRADO,0.00,0.00,0.00,74.00,1,1,INGLES I                      ,SD,FIA,Arquitectura
21911176  ,FEMENINO,UNITEC-SPS,PREGRADO,0.00,0.00,0.00,59.00,4,4,INTRODUCCIÓN AL ÁLGEBRA       ,RET,FIA,Ing. Energía
21911176  ,FEMENINO,UNITEC-SPS,PREGRADO,0.00,0.00,0.00,59.00,4,4,OFIMÁTICA AVANZADA            ,RET,FIA,Ing. Energía
21911176  ,FEMENINO,UNITEC-SPS,PREGRADO,0.00,0.00,0.00,59.00,4,4,COMUNICACIÓN ORAL Y ESCRITA   ,RET,FIA,Ing. Energía
21911176  ,FEMENINO,UNITEC-SPS,PREGRADO,0.00,0.00,0.00,59.00,4,4,INTRODUC. A LA ING. EN ENERGÍA,RET,FIA,Ing. Energía
21541063  ,MASCULINO,UNITEC-SPS,PREGRADO,62.92,73.00,4.00,64.00,1,1,FILOSOFÍA                     ,SD,FIA,Ing. Industrial
21911125  ,MASCULINO,UNITEC-SPS,PREGRADO,0.00,0.00,0.00,74.00,4,4,OFIMÁTICA I                   ,RET,FIA,Ing. Mecatro.
21911125  ,MASCULINO,UNITEC-SPS,PREGRADO,0.00,0.00,0.00,74.00,4,4,ESPAÑOL                       ,RET,FIA,Ing. Mecatro.
21911125  ,MASCULINO,UNITEC-SPS,PREGRADO,0.00,0.00,0.00,74.00,4,4,INTRODUCCIÓN AL ÁLGEBRA       ,RET,FIA,Ing. Mecatro.
21911125  ,MASCULINO,UNITEC-SPS,PREGRADO,0.00,0.00,0.00,74.00,4,4,INTRO.  A LA MECATRÓNICA      ,RET,FIA,Ing. Mecatro.
21911141  ,MASCULINO,UNITEC-SPS,PREGRADO,0.00,0.00,0.00,74.00,4,4,INTRO.  A LA MECATRÓNICA      ,SD,FIA,Ing. Mecatro.
21911141  ,MASCULINO,UNITEC-SPS,PREGRADO,0.00,0.00,0.00,74.00,4,4,INTRODUCCIÓN AL ÁLGEBRA       ,SD,FIA,Ing. Mecatro.
21911141  ,MASCULINO,UNITEC-SPS,PREGRADO,0.00,0.00,0.00,74.00,4,4,OFIMÁTICA I                   ,SD,FIA,Ing. Mecatro.
21911141  ,MASCULINO,UNITEC-SPS,PREGRADO,0.00,0.00,0.00,74.00,4,4,ESPAÑOL                       ,SD,FIA,Ing. Mecatro.
21911282  ,MASCULINO,UNITEC-SPS,PREGRADO,0.00,0.00,0.00,74.00,3,3,INTRODUCCIÓN AL ÁLGEBRA       ,SD,FIA,Ing. Mecatro.
21911282  ,MASCULINO,UNITEC-SPS,PREGRADO,0.00,0.00,0.00,74.00,3,3,INTRO.  A LA MECATRÓNICA      ,SD,FIA,Ing. Mecatro.
21911282  ,MASCULINO,UNITEC-SPS,PREGRADO,0.00,0.00,0.00,74.00,3,3,FILOSOFÍA                     ,SD,FIA,Ing. Mecatro.
21911184  ,FEMENINO,UNITEC-SPS,PREGRADO,0.00,0.00,0.00,58.00,4,4,INTRODUCCIÓN AL ÁLGEBRA       ,SD,FCAS,Finanzas
21911184  ,FEMENINO,UNITEC-SPS,PREGRADO,0.00,0.00,0.00,58.00,4,4,ESPAÑOL                       ,SD,FCAS,Finanzas
21911184  ,FEMENINO,UNITEC-SPS,PREGRADO,0.00,0.00,0.00,58.00,4,4,ADMINISTRACIÓN I              ,SD,FCAS,Finanzas
21911184  ,FEMENINO,UNITEC-SPS,PREGRADO,0.00,0.00,0.00,58.00,4,4,OFIMÁTICA I                   ,SD,FCAS,Finanzas
21911313  ,MASCULINO,UNITEC-SPS,PREGRADO,0.00,0.00,0.00,60.00,4,4,SOCIOLOGÍA                    ,SD,FCAS,Diseño Gráf.
21911313  ,MASCULINO,UNITEC-SPS,PREGRADO,0.00,0.00,0.00,60.00,4,4,HISTORIA DE HONDURAS          ,SD,FCAS,Diseño Gráf.
21911313  ,MASCULINO,UNITEC-SPS,PREGRADO,0.00,0.00,0.00,60.00,4,4,ESPAÑOL                       ,SD,FCAS,Diseño Gráf.
21911313  ,MASCULINO,UNITEC-SPS,PREGRADO,0.00,0.00,0.00,60.00,4,4,INTRODUCCIÓN AL ÁLGEBRA       ,SD,FCAS,Diseño Gráf.
21511347  ,FEMENINO,UNITEC-SPS,PREGRADO,60.83,69.00,13.00,61.00,1,1,OFIMÁTICA II                  ,RET,FCAS,Mkt y Negocios
21851135  ,FEMENINO,UNITEC-SPS,PREGRADO,72.71,72.71,2.00,58.00,3,3,ECOLOGÍA                      ,SD,FCAS,Mkt y Negocios
21851135  ,FEMENINO,UNITEC-SPS,PREGRADO,72.71,72.71,2.00,58.00,3,3,INTRODUCCIÓN AL ÁLGEBRA       ,SD,FCAS,Mkt y Negocios
21851135  ,FEMENINO,UNITEC-SPS,PREGRADO,72.71,72.71,2.00,58.00,3,3,INTRODUCCION A MERCADOTECNIA  ,SD,FCAS,Mkt y Negocios
21911072  ,FEMENINO,UNITEC-SPS,PREGRADO,0.00,0.00,0.00,58.00,4,4,INTRODUCCION A MERCADOTECNIA  ,SD,FCAS,Mkt y Negocios
21911072  ,FEMENINO,UNITEC-SPS,PREGRADO,0.00,0.00,0.00,58.00,4,4,INTRODUCCIÓN AL ÁLGEBRA       ,SD,FCAS,Mkt y Negocios
21911072  ,FEMENINO,UNITEC-SPS,PREGRADO,0.00,0.00,0.00,58.00,4,4,COMUNICACIÓN ORAL Y ESCRITA   ,SD,FCAS,Mkt y Negocios
21911072  ,FEMENINO,UNITEC-SPS,PREGRADO,0.00,0.00,0.00,58.00,4,4,OFIMÁTICA AVANZADA            ,SD,FCAS,Mkt y Negocios
21911116  ,MASCULINO,UNITEC-SPS,PREGRADO,0.00,0.00,0.00,58.00,2,2,SOCIOLOGÍA                    ,SD,FCAS,Mkt y Negocios
21911116  ,MASCULINO,UNITEC-SPS,PREGRADO,0.00,0.00,0.00,58.00,2,2,INTRODUCCIÓN AL ÁLGEBRA       ,SD,FCAS,Mkt y Negocios
21911144  ,FEMENINO,UNITEC-SPS,PREGRADO,0.00,0.00,0.00,58.00,3,3,INTRODUCCIÓN AL ÁLGEBRA       ,SD,FCAS,Mkt y Negocios
21911144  ,FEMENINO,UNITEC-SPS,PREGRADO,0.00,0.00,0.00,58.00,3,3,INTRODUCCION A MERCADOTECNIA  ,SD,FCAS,Mkt y Negocios
21911144  ,FEMENINO,UNITEC-SPS,PREGRADO,0.00,0.00,0.00,58.00,3,3,SOCIOLOGÍA                    ,SD,FCAS,Mkt y Negocios
21911070  ,FEMENINO,UNITEC-SPS,PREGRADO,0.00,0.00,0.00,65.00,3,3,INTRODUCCIÓN AL ÁLGEBRA       ,RET,FCAS,Relaciones Int.
21911070  ,FEMENINO,UNITEC-SPS,PREGRADO,0.00,0.00,0.00,65.00,3,3,ADMINISTRACIÓN I              ,RET,FCAS,Relaciones Int.
21911070  ,FEMENINO,UNITEC-SPS,PREGRADO,0.00,0.00,0.00,65.00,3,3,INTROD. TEORÍA REL. INTERN.   ,RET,FCAS,Relaciones Int.
21911396  ,FEMENINO,UNITEC-SPS,PREGRADO,0.00,0.00,0.00,65.00,3,3,INTROD. TEORÍA REL. INTERN.   ,RET,FCAS,Relaciones Int.
21911396  ,FEMENINO,UNITEC-SPS,PREGRADO,0.00,0.00,0.00,65.00,3,3,ADMINISTRACIÓN I              ,RET,FCAS,Relaciones Int.
21911396  ,FEMENINO,UNITEC-SPS,PREGRADO,0.00,0.00,0.00,65.00,3,3,INTRODUCCIÓN AL ÁLGEBRA       ,RET,FCAS,Relaciones Int.
61321354  ,FEMENINO,UNITEC-SPS,PREGRADO,40.00,0.00,1.00,57.00,1,1,FILOSOFÍA                     ,SD,FCAS,Relaciones Int.
21911085  ,FEMENINO,UNITEC-SPS,PREGRADO,0.00,0.00,0.00,62.00,2,2,INTRODUCCIÓN A LA PSICOLOGÍA  ,SD,FCAS,Psicología
21911085  ,FEMENINO,UNITEC-SPS,PREGRADO,0.00,0.00,0.00,62.00,2,2,BIOLOGÍA                      ,SD,FCAS,Psicología
51653022  ,MASCULINO,UNITEC-DUV,POSTGRADO,84.14,84.00,16.00,19.00,2,2,ELECTIVA TÓPICOS AVANZADOS    ,RET,POSTGRADO,Proyectos
51653022  ,MASCULINO,UNITEC-DUV,POSTGRADO,84.14,84.00,16.00,19.00,2,2,TRABAJO DE TESIS I            ,RET,POSTGRADO,Proyectos
51653019  ,FEMENINO,UNITEC-DUV,POSTGRADO,96.33,96.00,15.00,20.00,1,1,TOPI AVAN EN GER COMP DIRE II ,RET,POSTGRADO,Dir. Empresarial
40851063  ,MASCULINO,UNITEC-DUV,PREGRADO,88.50,89.00,16.00,57.00,1,1,INTRODUCCION AL ALGEBRA       ,RET,FCAS,Admon. Empresas
51911112  ,FEMENINO,UNITEC-DUV,PREGRADO,0.00,0.00,0.00,57.00,1,1,OFIMATICA I                   ,RET,FCAS,Admon. Empresas
51811126  ,FEMENINO,UNITEC-DUV,PREGRADO,68.12,73.00,4.00,59.00,1,1,GER.RECURSOS HUMANOS I        ,RET,FCAS,RRHH
51911038  ,FEMENINO,UNITEC-DUV,PREGRADO,0.00,0.00,0.00,57.00,2,2,ADMINISTRACION I              ,RET,FCAS,Mercadotecnia
51911038  ,FEMENINO,UNITEC-DUV,PREGRADO,0.00,0.00,0.00,57.00,2,2,COMUNICACIÓN ORAL Y ESCRITA   ,RET,FCAS,Mercadotecnia
31211882  ,FEMENINO,UNITEC-DUV,PREGRADO,68.33,74.00,23.00,57.00,2,2,ADMINISTRACION II             ,RET,FCAS (UNITEC),Admon. Empresas A
31211882  ,FEMENINO,UNITEC-DUV,PREGRADO,68.33,74.00,23.00,57.00,2,2,ANALISIS CONTABLE II          ,RET,FCAS (UNITEC),Admon. Empresas A
51911016  ,MASCULINO,UNITEC-DUV,PREGRADO,0.00,0.00,0.00,57.00,2,2,ESPAÑOL                       ,RET,FCAS (UNITEC),Admon. Empresas A
51911016  ,MASCULINO,UNITEC-DUV,PREGRADO,0.00,0.00,0.00,57.00,2,2,SOCIOLOGIA                    ,RET,FCAS (UNITEC),Admon. Empresas A
51711029  ,FEMENINO,UNITEC-DUV,PREGRADO,80.95,78.00,24.00,59.00,4,4,DERECHO INDIVIDUAL DEL TRABAJO,RET,FCAS (UNITEC),RRHH A
51711029  ,FEMENINO,UNITEC-DUV,PREGRADO,80.95,78.00,24.00,59.00,4,4,PSICO. EN HIG. Y SEG. INDUST. ,RET,FCAS (UNITEC),RRHH A
51711029  ,FEMENINO,UNITEC-DUV,PREGRADO,80.95,78.00,24.00,59.00,4,4,GER.RECURSOS HUMANOS I        ,RET,FCAS (UNITEC),RRHH A
51711029  ,FEMENINO,UNITEC-DUV,PREGRADO,80.95,78.00,24.00,59.00,4,4,CULTURA Y CAMBIO ORGANIZA.    ,RET,FCAS (UNITEC),RRHH A
B31851012 ,MASCULINO,CEUTEC-TGU,BACHILLERATO,0.00,0.00,0.00,46.00,10,10,ORIENTACIÓN VOCACIONAL        ,RET,BACHILLERATO,Bachillerato
B31851012 ,MASCULINO,CEUTEC-TGU,BACHILLERATO,0.00,0.00,0.00,46.00,10,10,QUÍMICA II                    ,RET,BACHILLERATO,Bachillerato
B31851012 ,MASCULINO,CEUTEC-TGU,BACHILLERATO,0.00,0.00,0.00,46.00,10,10,FÍSICA II                     ,RET,BACHILLERATO,Bachillerato
B31851012 ,MASCULINO,CEUTEC-TGU,BACHILLERATO,0.00,0.00,0.00,46.00,10,10,GENERACIÓN DE EMPRESAS        ,RET,BACHILLERATO,Bachillerato
B31851012 ,MASCULINO,CEUTEC-TGU,BACHILLERATO,0.00,0.00,0.00,46.00,10,10,HISTORIA DE HONDURAS          ,RET,BACHILLERATO,Bachillerato
B31851012 ,MASCULINO,CEUTEC-TGU,BACHILLERATO,0.00,0.00,0.00,46.00,10,10,INGLÉS II                     ,RET,BACHILLERATO,Bachillerato
B31851012 ,MASCULINO,CEUTEC-TGU,BACHILLERATO,0.00,0.00,0.00,46.00,10,10,LENGUAJE ARTÍSTICO            ,RET,BACHILLERATO,Bachillerato
B31851012 ,MASCULINO,CEUTEC-TGU,BACHILLERATO,0.00,0.00,0.00,46.00,10,10,MATEMÁTICA II                 ,RET,BACHILLERATO,Bachillerato
B31851012 ,MASCULINO,CEUTEC-TGU,BACHILLERATO,0.00,0.00,0.00,46.00,10,10,BIOLOGÍA II                   ,RET,BACHILLERATO,Bachillerato
B31851012 ,MASCULINO,CEUTEC-TGU,BACHILLERATO,0.00,0.00,0.00,46.00,10,10,ESPAÑOL II                    ,RET,BACHILLERATO,Bachillerato
B31851013 ,FEMENINO,CEUTEC-TGU,BACHILLERATO,0.00,0.00,0.00,46.00,10,10,BIOLOGÍA II                   ,RET,BACHILLERATO,Bachillerato
B31851013 ,FEMENINO,CEUTEC-TGU,BACHILLERATO,0.00,0.00,0.00,46.00,10,10,ESPAÑOL II                    ,RET,BACHILLERATO,Bachillerato
B31851013 ,FEMENINO,CEUTEC-TGU,BACHILLERATO,0.00,0.00,0.00,46.00,10,10,FÍSICA II                     ,RET,BACHILLERATO,Bachillerato
B31851013 ,FEMENINO,CEUTEC-TGU,BACHILLERATO,0.00,0.00,0.00,46.00,10,10,GENERACIÓN DE EMPRESAS        ,RET,BACHILLERATO,Bachillerato
B31851013 ,FEMENINO,CEUTEC-TGU,BACHILLERATO,0.00,0.00,0.00,46.00,10,10,HISTORIA DE HONDURAS          ,RET,BACHILLERATO,Bachillerato
B31851013 ,FEMENINO,CEUTEC-TGU,BACHILLERATO,0.00,0.00,0.00,46.00,10,10,INGLÉS II                     ,RET,BACHILLERATO,Bachillerato
B31851013 ,FEMENINO,CEUTEC-TGU,BACHILLERATO,0.00,0.00,0.00,46.00,10,10,LENGUAJE ARTÍSTICO            ,RET,BACHILLERATO,Bachillerato
B31851013 ,FEMENINO,CEUTEC-TGU,BACHILLERATO,0.00,0.00,0.00,46.00,10,10,MATEMÁTICA II                 ,RET,BACHILLERATO,Bachillerato
B31851013 ,FEMENINO,CEUTEC-TGU,BACHILLERATO,0.00,0.00,0.00,46.00,10,10,ORIENTACIÓN VOCACIONAL        ,RET,BACHILLERATO,Bachillerato
B31851013 ,FEMENINO,CEUTEC-TGU,BACHILLERATO,0.00,0.00,0.00,46.00,10,10,QUÍMICA II                    ,RET,BACHILLERATO,Bachillerato
30521077  ,MASCULINO,CEUTEC-TGU,PREGRADO,57.91,76.00,29.00,57.00,2,2,PROGRAMACION III              ,RET,FIA,Ing. Informa.
30521077  ,MASCULINO,CEUTEC-TGU,PREGRADO,57.91,76.00,29.00,57.00,2,2,ALGEBRA LINEAL                ,RET,FIA,Ing. Informa.
31811619  ,MASCULINO,CEUTEC-TGU,PREGRADO,0.00,0.00,0.00,57.00,1,1,HISTORIA DE HONDURAS          ,RET,FIA,Ing. Informa. Premier
31851237  ,MASCULINO,CEUTEC-TGU,PREGRADO,68.80,69.00,3.00,57.00,2,2,ADMINISTRACION II             ,RET,FIA,Ing. Informa. Premier
31851237  ,MASCULINO,CEUTEC-TGU,PREGRADO,68.80,69.00,3.00,57.00,2,2,ALGEBRA                       ,RET,FIA,Ing. Informa. Premier
31911094  ,FEMENINO,CEUTEC-TGU,PREGRADO,0.00,0.00,0.00,57.00,3,3,ADMINISTRACIÓN I              ,RET,FIA,Ing. Informa. Premier
31911094  ,FEMENINO,CEUTEC-TGU,PREGRADO,0.00,0.00,0.00,57.00,3,3,INTRODUCCION A  LA COMPUTA    ,RET,FIA,Ing. Informa. Premier
31911094  ,FEMENINO,CEUTEC-TGU,PREGRADO,0.00,0.00,0.00,57.00,3,3,OFIMÁTICA AVANZADA            ,RET,FIA,Ing. Informa. Premier
31611663  ,MASCULINO,CEUTEC-TGU,PREGRADO,71.64,76.00,16.00,62.00,1,1,GEOMETRIA TRIGONOMETRIA       ,RET,FIA,Ing. Electrónica
314111035 ,FEMENINO,CEUTEC-TGU,PREGRADO,49.48,72.00,7.00,60.00,1,1,INTRODUCCION AL ALGEBRA       ,RET,FIA,Ing. Logística
31711306  ,MASCULINO,CEUTEC-TGU,PREGRADO,68.85,71.00,21.00,62.00,1,1,ALGEBRA                       ,RET,FCAS,Diseño Gráf.
31751003  ,FEMENINO,CEUTEC-TGU,PREGRADO,37.26,74.00,3.00,62.00,3,3,COMPUT. APLIC. AL DISEÑO GRAF.,RET,FCAS,Diseño Gráf.
31751003  ,FEMENINO,CEUTEC-TGU,PREGRADO,37.26,74.00,3.00,62.00,3,3,FILOSOFIA                     ,RET,FCAS,Diseño Gráf.
31751003  ,FEMENINO,CEUTEC-TGU,PREGRADO,37.26,74.00,3.00,62.00,3,3,INTRODUCCION AL ALGEBRA       ,RET,FCAS,Diseño Gráf.
30711338  ,MASCULINO,CEUTEC-TGU,PREGRADO,79.50,79.00,32.00,62.00,3,3,CONTABILIDAD FINANCIERA II    ,RET,FCAS,Contaduría
30711338  ,MASCULINO,CEUTEC-TGU,PREGRADO,79.50,79.00,32.00,62.00,3,3,MATEMATICA FINANCIERA         ,RET,FCAS,Contaduría
30711338  ,MASCULINO,CEUTEC-TGU,PREGRADO,79.50,79.00,32.00,62.00,3,3,METODOLOGIA INVESTIGAC.       ,RET,FCAS,Contaduría
31041157  ,MASCULINO,CEUTEC-TGU,PREGRADO,47.95,71.00,6.00,62.00,1,1,ADMINISTRACION II             ,RET,FCAS,Contaduría
31211786  ,MASCULINO,CEUTEC-TGU,PREGRADO,73.36,75.00,40.00,62.00,3,3,AUDITORIA II                  ,RET,FCAS,Contaduría
31211786  ,MASCULINO,CEUTEC-TGU,PREGRADO,73.36,75.00,40.00,62.00,3,3,FINANZAS IV                   ,RET,FCAS,Contaduría
31211786  ,MASCULINO,CEUTEC-TGU,PREGRADO,73.36,75.00,40.00,62.00,3,3,METODOLOGIA INVESTIGAC.       ,RET,FCAS,Contaduría
31821519  ,MASCULINO,CEUTEC-TGU,PREGRADO,0.00,0.00,0.00,62.00,2,2,ESPAÑOL                       ,RET,FCAS,Contaduría
31821519  ,MASCULINO,CEUTEC-TGU,PREGRADO,0.00,0.00,0.00,62.00,2,2,INTRODUCCION AL ALGEBRA       ,RET,FCAS,Contaduría
31851227  ,FEMENINO,CEUTEC-TGU,PREGRADO,77.50,78.00,2.00,62.00,2,2,ADMINISTRACION II             ,RET,FCAS,Contaduría
31851227  ,FEMENINO,CEUTEC-TGU,PREGRADO,77.50,78.00,2.00,62.00,2,2,OFIMATICA I                   ,RET,FCAS,Contaduría
319111079 ,FEMENINO,CEUTEC-TGU,PREGRADO,0.00,0.00,0.00,62.00,4,4,ADMINISTRACIÓN I              ,RET,FCAS,Contaduría
319111079 ,FEMENINO,CEUTEC-TGU,PREGRADO,0.00,0.00,0.00,62.00,4,4,ECOLOGIA                      ,RET,FCAS,Contaduría
319111079 ,FEMENINO,CEUTEC-TGU,PREGRADO,0.00,0.00,0.00,62.00,4,4,ESPAÑOL                       ,RET,FCAS,Contaduría
319111079 ,FEMENINO,CEUTEC-TGU,PREGRADO,0.00,0.00,0.00,62.00,4,4,INTRODUCCION AL ALGEBRA       ,RET,FCAS,Contaduría
319111090 ,MASCULINO,CEUTEC-TGU,PREGRADO,0.00,0.00,0.00,62.00,3,3,ADMINISTRACIÓN I              ,RET,FCAS,Contaduría
319111090 ,MASCULINO,CEUTEC-TGU,PREGRADO,0.00,0.00,0.00,62.00,3,3,CONTABILIDAD FINANCIERA I     ,RET,FCAS,Contaduría
319111090 ,MASCULINO,CEUTEC-TGU,PREGRADO,0.00,0.00,0.00,62.00,3,3,SOCIOLOGIA                    ,RET,FCAS,Contaduría
31221258  ,FEMENINO,CEUTEC-TGU,PREGRADO,74.40,77.00,21.00,59.00,2,2,GERENCIA FINANCIERA I         ,RET,FCAS,Admon. Empresas
31221258  ,FEMENINO,CEUTEC-TGU,PREGRADO,74.40,77.00,21.00,59.00,2,2,PLANIFICACION Y PRESUPUESTO   ,RET,FCAS,Admon. Empresas
31351123  ,FEMENINO,CEUTEC-TGU,PREGRADO,61.73,66.00,8.00,59.00,2,2,ADMINISTRACION II             ,RET,FCAS,Admon. Empresas
31351123  ,FEMENINO,CEUTEC-TGU,PREGRADO,61.73,66.00,8.00,59.00,2,2,ESPAÑOL                       ,RET,FCAS,Admon. Empresas
31721459  ,FEMENINO,CEUTEC-TGU,PREGRADO,59.59,67.00,5.00,59.00,1,1,GESTION DEL TALENTO HUMANO I  ,RET,FCAS,Admon. Empresas
31911047  ,FEMENINO,CEUTEC-TGU,PREGRADO,0.00,0.00,0.00,59.00,4,4,ECOLOGIA                      ,RET,FCAS,Admon. Empresas
31911047  ,FEMENINO,CEUTEC-TGU,PREGRADO,0.00,0.00,0.00,59.00,4,4,FILOSOFIA                     ,RET,FCAS,Admon. Empresas
31911047  ,FEMENINO,CEUTEC-TGU,PREGRADO,0.00,0.00,0.00,59.00,4,4,HISTORIA DE HONDURAS          ,RET,FCAS,Admon. Empresas
31911047  ,FEMENINO,CEUTEC-TGU,PREGRADO,0.00,0.00,0.00,59.00,4,4,OFIMATICA I                   ,RET,FCAS,Admon. Empresas
319111185 ,FEMENINO,CEUTEC-TGU,PREGRADO,0.00,0.00,0.00,59.00,2,2,ADMINISTRACIÓN I              ,RET,FCAS,Admon. Empresas
319111185 ,FEMENINO,CEUTEC-TGU,PREGRADO,0.00,0.00,0.00,59.00,2,2,ESPAÑOL                       ,RET,FCAS,Admon. Empresas
31811280  ,MASCULINO,CEUTEC-TGU,PREGRADO,58.71,60.00,3.00,61.00,5,5,ADMINISTRACION II             ,RET,FCAS,RRHH
31811280  ,MASCULINO,CEUTEC-TGU,PREGRADO,58.71,60.00,3.00,61.00,5,5,PREP. PARA EL TOEFL (ING. AV) ,RET,FCAS,RRHH
31811280  ,MASCULINO,CEUTEC-TGU,PREGRADO,58.71,60.00,3.00,61.00,5,5,ALGEBRA                       ,RET,FCAS,RRHH
31811280  ,MASCULINO,CEUTEC-TGU,PREGRADO,58.71,60.00,3.00,61.00,5,5,PSICOLOGIA GENERAL            ,RET,FCAS,RRHH
31811280  ,MASCULINO,CEUTEC-TGU,PREGRADO,58.71,60.00,3.00,61.00,5,5,ETICA PROFESIONAL             ,RET,FCAS,RRHH
31851140  ,MASCULINO,CEUTEC-TGU,PREGRADO,79.57,80.00,9.00,61.00,2,2,ANALISIS CONTABLE I           ,RET,FCAS,RRHH
31851140  ,MASCULINO,CEUTEC-TGU,PREGRADO,79.57,80.00,9.00,61.00,2,2,GER.RECURSOS HUMANOS I        ,RET,FCAS,RRHH
31911762  ,FEMENINO,CEUTEC-TGU,PREGRADO,0.00,0.00,0.00,61.00,2,2,ADMINISTRACIÓN I              ,RET,FCAS,RRHH
31911762  ,FEMENINO,CEUTEC-TGU,PREGRADO,0.00,0.00,0.00,61.00,2,2,PSICOLOGIA GENERAL            ,RET,FCAS,RRHH
31651172  ,MASCULINO,CEUTEC-TGU,PREGRADO,74.84,79.00,26.00,57.00,2,2,PUBLICIDAD                    ,RET,FCAS,Mercadotecnia
31651172  ,MASCULINO,CEUTEC-TGU,PREGRADO,74.84,79.00,26.00,57.00,2,2,INVEST. DE MERCADOS II        ,RET,FCAS,Mercadotecnia
31711421  ,FEMENINO,CEUTEC-TGU,PREGRADO,64.22,72.00,16.00,57.00,2,2,FOTOGRAFIA                    ,RET,FCAS,Mercadotecnia
31711421  ,FEMENINO,CEUTEC-TGU,PREGRADO,64.22,72.00,16.00,57.00,2,2,ANALISIS CONTABLE II          ,RET,FCAS,Mercadotecnia
31841410  ,MASCULINO,CEUTEC-TGU,PREGRADO,73.07,73.00,8.00,57.00,4,4,DERECHO EMPRESARIAL           ,RET,FCAS,Mercadotecnia
31841410  ,MASCULINO,CEUTEC-TGU,PREGRADO,73.07,73.00,8.00,57.00,4,4,MACROECONOMIA                 ,RET,FCAS,Mercadotecnia
31841410  ,MASCULINO,CEUTEC-TGU,PREGRADO,73.07,73.00,8.00,57.00,4,4,ESTADISTICA I                 ,RET,FCAS,Mercadotecnia
31841410  ,MASCULINO,CEUTEC-TGU,PREGRADO,73.07,73.00,8.00,57.00,4,4,MERCADOTECNIA I               ,RET,FCAS,Mercadotecnia
31911805  ,FEMENINO,CEUTEC-TGU,PREGRADO,0.00,0.00,0.00,57.00,4,4,FOTOGRAFIA                    ,RET,FCAS,Mercadotecnia
31911805  ,FEMENINO,CEUTEC-TGU,PREGRADO,0.00,0.00,0.00,57.00,4,4,INTRODUCCION AL ALGEBRA       ,RET,FCAS,Mercadotecnia
31911805  ,FEMENINO,CEUTEC-TGU,PREGRADO,0.00,0.00,0.00,57.00,4,4,INTRODUCCIÓN A MERCADOTECNIA  ,RET,FCAS,Mercadotecnia
31911805  ,FEMENINO,CEUTEC-TGU,PREGRADO,0.00,0.00,0.00,57.00,4,4,SOCIOLOGIA                    ,RET,FCAS,Mercadotecnia
31911827  ,FEMENINO,CEUTEC-TGU,PREGRADO,0.00,0.00,0.00,57.00,2,2,ADMINISTRACIÓN I              ,RET,FCAS,Mercadotecnia
31911827  ,FEMENINO,CEUTEC-TGU,PREGRADO,0.00,0.00,0.00,57.00,2,2,FILOSOFIA                     ,RET,FCAS,Mercadotecnia
30711206  ,MASCULINO,CEUTEC-TGU,PREGRADO,60.33,74.00,19.00,63.00,1,1,INGLES I                      ,RET,FCAS,Mercadotecnia
31721350  ,FEMENINO,CEUTEC-TGU,PREGRADO,83.43,83.00,24.00,63.00,1,1,GERENCIA FINANCIERA I         ,RET,FCAS,Mercadotecnia
31911626  ,MASCULINO,CEUTEC-TGU,PREGRADO,0.00,0.00,0.00,57.00,3,3,ADMINISTRACIÓN I              ,RET,FCAS,Mercadotecnia Premier
31911626  ,MASCULINO,CEUTEC-TGU,PREGRADO,0.00,0.00,0.00,57.00,3,3,COMUNICACIÓN ORAL Y ESCRITA   ,RET,FCAS,Mercadotecnia Premier
31911626  ,MASCULINO,CEUTEC-TGU,PREGRADO,0.00,0.00,0.00,57.00,3,3,INTRODUCCION AL ALGEBRA       ,RET,FCAS,Mercadotecnia Premier
31841246  ,FEMENINO,CEUTEC-TGU,PREGRADO,72.00,72.00,12.00,68.00,3,3,ORATORIA Y DEBATES            ,RET,FCAS,Derecho
31841246  ,FEMENINO,CEUTEC-TGU,PREGRADO,72.00,72.00,12.00,68.00,3,3,DERECHO ADMINISTRATIVO I      ,RET,FCAS,Derecho
31841246  ,FEMENINO,CEUTEC-TGU,PREGRADO,72.00,72.00,12.00,68.00,3,3,DERECHO INDIVIDUAL DEL TRABAJO,RET,FCAS,Derecho
31911374  ,MASCULINO,CEUTEC-TGU,PREGRADO,0.00,0.00,0.00,68.00,4,4,ADMINISTRACIÓN I              ,RET,FCAS,Derecho
31911374  ,MASCULINO,CEUTEC-TGU,PREGRADO,0.00,0.00,0.00,68.00,4,4,INTRO. AL ESTUDIO DEL DERECHO ,RET,FCAS,Derecho
31911374  ,MASCULINO,CEUTEC-TGU,PREGRADO,0.00,0.00,0.00,68.00,4,4,DERECHO ROMANO                ,RET,FCAS,Derecho
31911374  ,MASCULINO,CEUTEC-TGU,PREGRADO,0.00,0.00,0.00,68.00,4,4,TEORIA GENERAL DEL ESTADO     ,RET,FCAS,Derecho
11541127  ,FEMENINO,CEUTEC-TGU,PREGRADO,57.50,79.00,24.00,68.00,1,1,DERECHO MERCANTIL I           ,RET,FCAS,Derecho
31811327  ,MASCULINO,CEUTEC-TGU,PREGRADO,64.67,75.00,5.00,68.00,1,1,DERECHO CONSTITUCIONAL        ,RET,FCAS,Derecho
31911575  ,FEMENINO,CEUTEC-TGU,PREGRADO,0.00,0.00,0.00,64.00,2,2,ADMINISTRACIÓN I              ,RET,FCAS,Psicología
31911575  ,FEMENINO,CEUTEC-TGU,PREGRADO,0.00,0.00,0.00,64.00,2,2,OFIMATICA I                   ,RET,FCAS,Psicología
31911576  ,FEMENINO,CEUTEC-TGU,PREGRADO,0.00,0.00,0.00,64.00,2,2,ADMINISTRACIÓN I              ,RET,FCAS,Psicología
31911576  ,FEMENINO,CEUTEC-TGU,PREGRADO,0.00,0.00,0.00,64.00,2,2,OFIMATICA I                   ,RET,FCAS,Psicología
31911522  ,MASCULINO,CEUTEC-TGU,PREGRADO,0.00,0.00,0.00,57.00,4,4,ADMINISTRACIÓN I              ,RET,FCAS,Admon. Empresas Premier
31911522  ,MASCULINO,CEUTEC-TGU,PREGRADO,0.00,0.00,0.00,57.00,4,4,OFIMÁTICA AVANZADA            ,RET,FCAS,Admon. Empresas Premier
31911522  ,MASCULINO,CEUTEC-TGU,PREGRADO,0.00,0.00,0.00,57.00,4,4,INTRODUCCION AL ALGEBRA       ,RET,FCAS,Admon. Empresas Premier
31911522  ,MASCULINO,CEUTEC-TGU,PREGRADO,0.00,0.00,0.00,57.00,4,4,SOCIOLOGIA                    ,RET,FCAS,Admon. Empresas Premier
51851066  ,FEMENINO,CEUTEC-TGU,PREGRADO,0.00,0.00,0.00,57.00,2,2,ADMINISTRACIÓN I              ,RET,FCAS,Admon. Empresas Premier
51851066  ,FEMENINO,CEUTEC-TGU,PREGRADO,0.00,0.00,0.00,57.00,2,2,INTRODUCCION AL ALGEBRA       ,RET,FCAS,Admon. Empresas Premier
311111382 ,MASCULINO,CEUTEC-TGU,PREGRADO,58.18,68.00,8.00,30.00,2,2,ADMINISTRACION II             ,RET,FCAS,Técnico Admon
311111382 ,MASCULINO,CEUTEC-TGU,PREGRADO,58.18,68.00,8.00,30.00,2,2,OFIMATICA II                  ,RET,FCAS,Técnico Admon
31911931  ,FEMENINO,CEUTEC-TGU,PREGRADO,0.00,0.00,0.00,30.00,2,2,ADMINISTRACIÓN I              ,RET,FCAS,Técnico Admon
31911931  ,FEMENINO,CEUTEC-TGU,PREGRADO,0.00,0.00,0.00,30.00,2,2,INTRODUCCION AL ALGEBRA       ,RET,FCAS,Técnico Admon
30641276  ,MASCULINO,CEUTEC-TGU,PREGRADO,58.43,72.00,10.00,29.00,2,2,ESPAÑOL                       ,RET,FIA,Técnico Sist. Inf.
30641276  ,MASCULINO,CEUTEC-TGU,PREGRADO,58.43,72.00,10.00,29.00,2,2,ALGEBRA                       ,RET,FIA,Técnico Sist. Inf.
31911161  ,MASCULINO,CEUTEC-TGU,PREGRADO,0.00,0.00,0.00,36.00,4,4,SOCIOLOGIA                    ,RET,FCAS,Técnico Dis. Gráf.
31911161  ,MASCULINO,CEUTEC-TGU,PREGRADO,0.00,0.00,0.00,36.00,4,4,ADMINISTRACIÓN I              ,RET,FCAS,Técnico Dis. Gráf.
31911161  ,MASCULINO,CEUTEC-TGU,PREGRADO,0.00,0.00,0.00,36.00,4,4,ESPAÑOL                       ,RET,FCAS,Técnico Dis. Gráf.
31911161  ,MASCULINO,CEUTEC-TGU,PREGRADO,0.00,0.00,0.00,36.00,4,4,OFIMATICA I                   ,RET,FCAS,Técnico Dis. Gráf.
T31811170 ,FEMENINO,CEUTEC-TGU,TECVOC,74.05,74.00,15.00,28.00,3,3,ATENCIÓN ADULTO Y A. MAYOR    ,RET,Técnico Universitario,Técnico en Enfermería
T31811170 ,FEMENINO,CEUTEC-TGU,TECVOC,74.05,74.00,15.00,28.00,3,3,PRIMEROS AUXILIOS             ,RET,Técnico Universitario,Técnico en Enfermería
T31811170 ,FEMENINO,CEUTEC-TGU,TECVOC,74.05,74.00,15.00,28.00,3,3,SALUD PÚBLICA                 ,RET,Técnico Universitario,Técnico en Enfermería
T31851091 ,FEMENINO,CEUTEC-TGU,TECVOC,0.00,0.00,0.00,28.00,4,4,QUÍMICA PARA ENFERMERÍA       ,RET,Técnico Universitario,Técnico en Enfermería
T31851091 ,FEMENINO,CEUTEC-TGU,TECVOC,0.00,0.00,0.00,28.00,4,4,PROCESOS BIOLÓGICOS           ,RET,Técnico Universitario,Técnico en Enfermería
T31851091 ,FEMENINO,CEUTEC-TGU,TECVOC,0.00,0.00,0.00,28.00,4,4,MATEMÁTICA BÁSICA             ,RET,Técnico Universitario,Técnico en Enfermería
T31851091 ,FEMENINO,CEUTEC-TGU,TECVOC,0.00,0.00,0.00,28.00,4,4,FUNDAMENTOS Y TEC. B. ENFERM I,RET,Técnico Universitario,Técnico en Enfermería
T31911035 ,FEMENINO,CEUTEC-TGU,TECVOC,0.00,0.00,0.00,28.00,4,4,FUNDAMENTOS Y TEC. B. ENFERM I,RET,Técnico Universitario,Técnico en Enfermería
T31911035 ,FEMENINO,CEUTEC-TGU,TECVOC,0.00,0.00,0.00,28.00,4,4,QUÍMICA PARA ENFERMERÍA       ,RET,Técnico Universitario,Técnico en Enfermería
T31911035 ,FEMENINO,CEUTEC-TGU,TECVOC,0.00,0.00,0.00,28.00,4,4,PROCESOS BIOLÓGICOS           ,RET,Técnico Universitario,Técnico en Enfermería
T31911035 ,FEMENINO,CEUTEC-TGU,TECVOC,0.00,0.00,0.00,28.00,4,4,MATEMÁTICA BÁSICA             ,RET,Técnico Universitario,Técnico en Enfermería
T31911204 ,FEMENINO,CEUTEC-TGU,TECVOC,0.00,0.00,0.00,28.00,4,4,MATEMÁTICA BÁSICA             ,RET,Técnico Universitario,Técnico en Enfermería
T31911204 ,FEMENINO,CEUTEC-TGU,TECVOC,0.00,0.00,0.00,28.00,4,4,FUNDAMENTOS Y TEC. B. ENFERM I,RET,Técnico Universitario,Técnico en Enfermería
T31911204 ,FEMENINO,CEUTEC-TGU,TECVOC,0.00,0.00,0.00,28.00,4,4,QUÍMICA PARA ENFERMERÍA       ,RET,Técnico Universitario,Técnico en Enfermería
T31911204 ,FEMENINO,CEUTEC-TGU,TECVOC,0.00,0.00,0.00,28.00,4,4,PROCESOS BIOLÓGICOS           ,RET,Técnico Universitario,Técnico en Enfermería
T31911226 ,FEMENINO,CEUTEC-TGU,TECVOC,0.00,0.00,0.00,28.00,3,3,FUNDAMENTOS Y TEC. B. ENFERM I,RET,Técnico Universitario,Técnico en Enfermería
T31911226 ,FEMENINO,CEUTEC-TGU,TECVOC,0.00,0.00,0.00,28.00,3,3,QUÍMICA PARA ENFERMERÍA       ,RET,Técnico Universitario,Técnico en Enfermería
T31911226 ,FEMENINO,CEUTEC-TGU,TECVOC,0.00,0.00,0.00,28.00,3,3,PROCESOS BIOLÓGICOS           ,RET,Técnico Universitario,Técnico en Enfermería
T31821090 ,MASCULINO,CEUTEC-TGU,TECVOC,78.58,78.58,5.00,27.00,2,2,FUNDAMENTO BASE DE DATOS      ,SD,Técnico Universitario,TecVoc Redes
T31821090 ,MASCULINO,CEUTEC-TGU,TECVOC,78.58,78.58,5.00,27.00,2,2,REDES II                      ,SD,Técnico Universitario,TecVoc Redes
T31851055 ,MASCULINO,CEUTEC-TGU,TECVOC,0.00,0.00,0.00,29.00,4,4,COMUNICACIÓN ORAL Y ESCRITA   ,RET,Técnico Universitario,TecVoc Obras Civiles
T31851055 ,MASCULINO,CEUTEC-TGU,TECVOC,0.00,0.00,0.00,29.00,4,4,MATEMÁTICA APLICADA           ,RET,Técnico Universitario,TecVoc Obras Civiles
T31851055 ,MASCULINO,CEUTEC-TGU,TECVOC,0.00,0.00,0.00,29.00,4,4,TALLER DE DIBUJO TÉCNICO I    ,RET,Técnico Universitario,TecVoc Obras Civiles
T31851055 ,MASCULINO,CEUTEC-TGU,TECVOC,0.00,0.00,0.00,29.00,4,4,CONCEPTOS GEOMÉTRICOS         ,RET,Técnico Universitario,TecVoc Obras Civiles
T31821103 ,FEMENINO,CEUTEC-TGU,TECVOC,95.39,95.00,12.00,28.00,4,4,INGLÉS IV                     ,RET,Técnico Universitario,TecVoc Call Center
T31821103 ,FEMENINO,CEUTEC-TGU,TECVOC,95.39,95.00,12.00,28.00,4,4,AUDIO TYPING                  ,RET,Técnico Universitario,TecVoc Call Center
T31821103 ,FEMENINO,CEUTEC-TGU,TECVOC,95.39,95.00,12.00,28.00,4,4,TALLER INTELIGENCIA EMOCIONAL ,RET,Técnico Universitario,TecVoc Call Center
T31821103 ,FEMENINO,CEUTEC-TGU,TECVOC,95.39,95.00,12.00,28.00,4,4,TALLER DE ATENCIÓN AL CLIENTE ,RET,Técnico Universitario,TecVoc Call Center
T31841020 ,FEMENINO,CEUTEC-TGU,TECVOC,63.78,72.00,4.00,28.00,3,3,TALLER DE PRONUNCIACIÓN       ,RET,Técnico Universitario,TecVoc Call Center
T31841020 ,FEMENINO,CEUTEC-TGU,TECVOC,63.78,72.00,4.00,28.00,3,3,INGLÉS II                     ,RET,Técnico Universitario,TecVoc Call Center
T31841020 ,FEMENINO,CEUTEC-TGU,TECVOC,63.78,72.00,4.00,28.00,3,3,SEGURIDAD E HIGIENE TRABAJO   ,RET,Técnico Universitario,TecVoc Call Center
T31911242 ,FEMENINO,CEUTEC-TGU,TECVOC,0.00,0.00,0.00,28.00,4,4,INTRO A LA TEC CALL CENTER    ,RET,Técnico Universitario,TecVoc Call Center
T31911242 ,FEMENINO,CEUTEC-TGU,TECVOC,0.00,0.00,0.00,28.00,4,4,INGLÉS I                      ,RET,Técnico Universitario,TecVoc Call Center
T31911242 ,FEMENINO,CEUTEC-TGU,TECVOC,0.00,0.00,0.00,28.00,4,4,COMUNICACIÓN ORAL Y ESCRITA   ,RET,Técnico Universitario,TecVoc Call Center
T31911242 ,FEMENINO,CEUTEC-TGU,TECVOC,0.00,0.00,0.00,28.00,4,4,MATEMÁTICA BÁSICA             ,RET,Técnico Universitario,TecVoc Call Center
T31911010 ,FEMENINO,CEUTEC-TGU,TECVOC,0.00,0.00,0.00,28.00,3,3,INTRO A LA TEC CALL CENTER    ,RET,Técnico Universitario,TecVoc Call Center Flexible
T31911010 ,FEMENINO,CEUTEC-TGU,TECVOC,0.00,0.00,0.00,28.00,3,3,INGLÉS I                      ,RET,Técnico Universitario,TecVoc Call Center Flexible
T31911010 ,FEMENINO,CEUTEC-TGU,TECVOC,0.00,0.00,0.00,28.00,3,3,COMUNICACIÓN ORAL Y ESCRITA   ,RET,Técnico Universitario,TecVoc Call Center Flexible
61411067  ,MASCULINO,CEUTEC-SPS,PREGRADO,82.68,83.00,52.00,55.00,1,1,INGLÉS VI                     ,RET,FIA,Ing. Informa.
61421042  ,MASCULINO,CEUTEC-SPS,PREGRADO,74.28,74.00,11.00,55.00,1,1,METODOLOGÍA DE INVESTIGACIÓN  ,RET,FIA,Ing. Informa.
617111062 ,MASCULINO,CEUTEC-SPS,PREGRADO,60.52,71.75,6.00,55.00,1,1,INGLÉS IV                     ,SD,FIA,Ing. Informa.
61751334  ,MASCULINO,CEUTEC-SPS,PREGRADO,89.40,89.00,6.00,62.00,2,2,INGLÉS II                     ,RET,FIA,Ing. Electrónica
61751334  ,MASCULINO,CEUTEC-SPS,PREGRADO,89.40,89.00,6.00,62.00,2,2,GEOMETRIA TRIGONOMETRIA       ,RET,FIA,Ing. Electrónica
61911235  ,MASCULINO,CEUTEC-SPS,PREGRADO,0.00,0.00,0.00,62.00,3,3,BIOLOGÍA                      ,RET,FIA,Ing. Electrónica
61911235  ,MASCULINO,CEUTEC-SPS,PREGRADO,0.00,0.00,0.00,62.00,3,3,OFIMATICA AVANZADA            ,RET,FIA,Ing. Electrónica
61911235  ,MASCULINO,CEUTEC-SPS,PREGRADO,0.00,0.00,0.00,62.00,3,3,INTRODUCCIÓN AL ÁLGEBRA       ,RET,FIA,Ing. Electrónica
617111009 ,FEMENINO,CEUTEC-SPS,PREGRADO,69.38,76.00,11.00,58.00,2,2,INGLÉS I                      ,RET,FIA,Ing. Logística
617111009 ,FEMENINO,CEUTEC-SPS,PREGRADO,69.38,76.00,11.00,58.00,2,2,ÁLGEBRA LINEAL                ,RET,FIA,Ing. Logística
61821360  ,MASCULINO,CEUTEC-SPS,PREGRADO,63.86,78.00,4.00,58.00,2,2,FILOSOFÍA                     ,RET,FIA,Ing. Logística
61821360  ,MASCULINO,CEUTEC-SPS,PREGRADO,63.86,78.00,4.00,58.00,2,2,SOCIOLOGÍA                    ,RET,FIA,Ing. Logística
61821367  ,MASCULINO,CEUTEC-SPS,PREGRADO,65.73,74.00,3.00,58.00,3,3,COMUNICACION ORAL Y ESCRITA   ,RET,FIA,Ing. Logística
61821367  ,MASCULINO,CEUTEC-SPS,PREGRADO,65.73,74.00,3.00,58.00,3,3,INTROD. GESTION LOGISTICA     ,RET,FIA,Ing. Logística
61821367  ,MASCULINO,CEUTEC-SPS,PREGRADO,65.73,74.00,3.00,58.00,3,3,ÁLGEBRA                       ,RET,FIA,Ing. Logística
61911174  ,MASCULINO,CEUTEC-SPS,PREGRADO,0.00,0.00,0.00,58.00,2,2,HISTORIA DE HONDURAS          ,RET,FIA,Ing. Logística
61911174  ,MASCULINO,CEUTEC-SPS,PREGRADO,0.00,0.00,0.00,58.00,2,2,INTRODUCCIÓN AL ÁLGEBRA       ,RET,FIA,Ing. Logística
61641020  ,MASCULINO,CEUTEC-SPS,PREGRADO,71.00,85.00,1.00,60.00,2,2,INTRODUCCIÓN AL ÁLGEBRA       ,RET,FCAS,Diseño Gráf.
61641020  ,MASCULINO,CEUTEC-SPS,PREGRADO,71.00,85.00,1.00,60.00,2,2,HISTORIA DE HONDURAS          ,RET,FCAS,Diseño Gráf.
61821024  ,FEMENINO,CEUTEC-SPS,PREGRADO,78.00,78.00,1.00,60.00,2,2,HISTORIA DE HONDURAS          ,RET,FCAS,Diseño Gráf.
61821024  ,FEMENINO,CEUTEC-SPS,PREGRADO,78.00,78.00,1.00,60.00,2,2,SOCIOLOGÍA                    ,RET,FCAS,Diseño Gráf.
61821093  ,MASCULINO,CEUTEC-SPS,PREGRADO,68.55,81.00,3.00,60.00,2,2,HISTORIA DE HONDURAS          ,RET,FCAS,Diseño Gráf.
61821093  ,MASCULINO,CEUTEC-SPS,PREGRADO,68.55,81.00,3.00,60.00,2,2,SOCIOLOGÍA                    ,RET,FCAS,Diseño Gráf.
61551398  ,MASCULINO,CEUTEC-SPS,PREGRADO,77.47,77.00,4.00,60.00,2,2,MICROECONOMÍA                 ,RET,FCAS,Contaduría
61551398  ,MASCULINO,CEUTEC-SPS,PREGRADO,77.47,77.00,4.00,60.00,2,2,ESPAÑOL                       ,RET,FCAS,Contaduría
61611675  ,FEMENINO,CEUTEC-SPS,PREGRADO,46.37,75.00,7.00,60.00,2,2,ADMINISTRACIÓN II             ,RET,FCAS,Contaduría
61611675  ,FEMENINO,CEUTEC-SPS,PREGRADO,46.37,75.00,7.00,60.00,2,2,SERVICIO AL CLIENTE           ,RET,FCAS,Contaduría
61611758  ,FEMENINO,CEUTEC-SPS,PREGRADO,79.25,80.00,40.00,60.00,2,2,ADMINISTRACIÓN II             ,RET,FCAS,Contaduría
61611758  ,FEMENINO,CEUTEC-SPS,PREGRADO,79.25,80.00,40.00,60.00,2,2,GESTIÓN DE LA CALIDAD         ,RET,FCAS,Contaduría
61711069  ,MASCULINO,CEUTEC-SPS,PREGRADO,72.33,72.00,9.00,60.00,1,1,CÁLCULO PARA CC. SOCIALES     ,RET,FCAS,Contaduría
61911131  ,FEMENINO,CEUTEC-SPS,PREGRADO,0.00,0.00,0.00,60.00,2,2,FILOSOFÍA                     ,RET,FCAS,Contaduría
61911131  ,FEMENINO,CEUTEC-SPS,PREGRADO,0.00,0.00,0.00,60.00,2,2,INTRODUCCIÓN AL ÁLGEBRA       ,RET,FCAS,Contaduría
61911617  ,FEMENINO,CEUTEC-SPS,PREGRADO,0.00,0.00,0.00,60.00,3,3,ADMINISTRACIÓN I              ,RET,FCAS,Contaduría
61911617  ,FEMENINO,CEUTEC-SPS,PREGRADO,0.00,0.00,0.00,60.00,3,3,OFIMÁTICA I                   ,RET,FCAS,Contaduría
61911617  ,FEMENINO,CEUTEC-SPS,PREGRADO,0.00,0.00,0.00,60.00,3,3,INTRODUCCIÓN AL ÁLGEBRA       ,RET,FCAS,Contaduría
61911623  ,MASCULINO,CEUTEC-SPS,PREGRADO,0.00,0.00,0.00,60.00,1,1,ESPAÑOL                       ,RET,FCAS,Contaduría
615111380 ,FEMENINO,CEUTEC-SPS,PREGRADO,100.00,100.00,2.00,57.00,1,1,ÉTICA PROFESIONAL             ,RET,FCAS,Admon. Empresas
616111545 ,FEMENINO,CEUTEC-SPS,PREGRADO,0.00,0.00,0.00,57.00,2,2,ADMINISTRACIÓN I              ,RET,FCAS,Admon. Empresas
616111545 ,FEMENINO,CEUTEC-SPS,PREGRADO,0.00,0.00,0.00,57.00,2,2,HISTORIA DE HONDURAS          ,RET,FCAS,Admon. Empresas
61611526  ,FEMENINO,CEUTEC-SPS,PREGRADO,78.47,79.00,43.00,57.00,3,3,ASESORIA Y CONSUL EMP         ,RET,FCAS,Admon. Empresas
61611526  ,FEMENINO,CEUTEC-SPS,PREGRADO,78.47,79.00,43.00,57.00,3,3,ADMON. OPERACIONES II         ,RET,FCAS,Admon. Empresas
61611526  ,FEMENINO,CEUTEC-SPS,PREGRADO,78.47,79.00,43.00,57.00,3,3,SERVICIO AL CLIENTE           ,RET,FCAS,Admon. Empresas
61711548  ,FEMENINO,CEUTEC-SPS,PREGRADO,69.10,74.00,13.00,57.00,3,3,ANÁLISIS CONTABLE II          ,RET,FCAS,Admon. Empresas
61711548  ,FEMENINO,CEUTEC-SPS,PREGRADO,69.10,74.00,13.00,57.00,3,3,ÉTICA PROFESIONAL             ,RET,FCAS,Admon. Empresas
61711548  ,FEMENINO,CEUTEC-SPS,PREGRADO,69.10,74.00,13.00,57.00,3,3,BIOLOGÍA                      ,RET,FCAS,Admon. Empresas
61911338  ,FEMENINO,CEUTEC-SPS,PREGRADO,0.00,0.00,0.00,57.00,2,2,ADMINISTRACIÓN I              ,RET,FCAS,Admon. Empresas
61911338  ,FEMENINO,CEUTEC-SPS,PREGRADO,0.00,0.00,0.00,57.00,2,2,INTRODUCCIÓN AL ÁLGEBRA       ,RET,FCAS,Admon. Empresas
61911386  ,MASCULINO,CEUTEC-SPS,PREGRADO,0.00,0.00,0.00,57.00,2,2,ADMINISTRACIÓN I              ,RET,FCAS,Admon. Empresas
61911386  ,MASCULINO,CEUTEC-SPS,PREGRADO,0.00,0.00,0.00,57.00,2,2,INTRODUCCIÓN AL ÁLGEBRA       ,RET,FCAS,Admon. Empresas
61621160  ,MASCULINO,CEUTEC-SPS,PREGRADO,73.55,77.00,18.00,55.00,4,4,INGLÉS I                      ,RET,FCAS,Mercadotecnia
61621160  ,MASCULINO,CEUTEC-SPS,PREGRADO,73.55,77.00,18.00,55.00,4,4,COMPORT. DEL CONSUMIDOR       ,RET,FCAS,Mercadotecnia
61621160  ,MASCULINO,CEUTEC-SPS,PREGRADO,73.55,77.00,18.00,55.00,4,4,ÉTICA Y CIUDADANIA            ,RET,FCAS,Mercadotecnia
61621160  ,MASCULINO,CEUTEC-SPS,PREGRADO,73.55,77.00,18.00,55.00,4,4,METODOLOGÍA DE INVESTIGACIÓN  ,RET,FCAS,Mercadotecnia
618111352 ,FEMENINO,CEUTEC-SPS,PREGRADO,72.29,78.00,12.00,55.00,3,3,ANÁLISIS CONTABLE I           ,RET,FCAS,Mercadotecnia
618111352 ,FEMENINO,CEUTEC-SPS,PREGRADO,72.29,78.00,12.00,55.00,3,3,MERCADOTECNIA I               ,RET,FCAS,Mercadotecnia
618111352 ,FEMENINO,CEUTEC-SPS,PREGRADO,72.29,78.00,12.00,55.00,3,3,GER.RECURSOS HUMANOS I        ,RET,FCAS,Mercadotecnia
61911591  ,MASCULINO,CEUTEC-SPS,PREGRADO,0.00,0.00,0.00,55.00,2,2,COMUNICACION ORAL Y ESCRITA   ,RET,FCAS,Mercadotecnia
61911591  ,MASCULINO,CEUTEC-SPS,PREGRADO,0.00,0.00,0.00,55.00,2,2,INTRODUCCION A MERCADOTECNIA  ,RET,FCAS,Mercadotecnia
615111092 ,FEMENINO,CEUTEC-SPS,PREGRADO,57.25,73.00,18.00,62.00,3,3,OFIMÁTICA II                  ,RET,FCAS,Psicología
615111092 ,FEMENINO,CEUTEC-SPS,PREGRADO,57.25,73.00,18.00,62.00,3,3,INTRODUCCION AL ALGEBRA       ,RET,FCAS,Psicología
615111092 ,FEMENINO,CEUTEC-SPS,PREGRADO,57.25,73.00,18.00,62.00,3,3,PSICOLOGIA ORGANIZACIONAL     ,RET,FCAS,Psicología
61521599  ,FEMENINO,CEUTEC-SPS,PREGRADO,45.71,74.00,12.00,62.00,2,2,OFIMÁTICA II                  ,RET,FCAS,Psicología
61521599  ,FEMENINO,CEUTEC-SPS,PREGRADO,45.71,74.00,12.00,62.00,2,2,INTRODUCCION AL ALGEBRA       ,RET,FCAS,Psicología
61911237  ,FEMENINO,CEUTEC-SPS,PREGRADO,0.00,0.00,0.00,62.00,2,2,ESPAÑOL                       ,RET,FCAS,Psicología
61911237  ,FEMENINO,CEUTEC-SPS,PREGRADO,0.00,0.00,0.00,62.00,2,2,BIOLOGÍA                      ,RET,FCAS,Psicología
61321092  ,FEMENINO,CEUTEC-SPS,PREGRADO,71.33,76.00,33.00,62.00,3,3,PSICOMETRÍA IV                ,RET,FCAS,Psicología
61321092  ,FEMENINO,CEUTEC-SPS,PREGRADO,71.33,76.00,33.00,62.00,3,3,PSICOLOGIA ORGANIZACIONAL     ,RET,FCAS,Psicología
61321092  ,FEMENINO,CEUTEC-SPS,PREGRADO,71.33,76.00,33.00,62.00,3,3,PSICODIAGNÓSTICO I            ,RET,FCAS,Psicología
61451380  ,FEMENINO,CEUTEC-SPS,PREGRADO,0.25,0.00,0.00,62.00,5,5,HISTORIA DE HONDURAS          ,RET,FCAS,Psicología
61451380  ,FEMENINO,CEUTEC-SPS,PREGRADO,0.25,0.00,0.00,62.00,5,5,INTRODUCCION AL ALGEBRA       ,RET,FCAS,Psicología
61451380  ,FEMENINO,CEUTEC-SPS,PREGRADO,0.25,0.00,0.00,62.00,5,5,ADMINISTRACIÓN I              ,RET,FCAS,Psicología
61451380  ,FEMENINO,CEUTEC-SPS,PREGRADO,0.25,0.00,0.00,62.00,5,5,ESPAÑOL                       ,RET,FCAS,Psicología
61451380  ,FEMENINO,CEUTEC-SPS,PREGRADO,0.25,0.00,0.00,62.00,5,5,FILOSOFÍA                     ,RET,FCAS,Psicología
61911178  ,FEMENINO,CEUTEC-SPS,PREGRADO,0.00,0.00,0.00,62.00,4,4,BIOLOGÍA                      ,RET,FCAS,Psicología
61911178  ,FEMENINO,CEUTEC-SPS,PREGRADO,0.00,0.00,0.00,62.00,4,4,OFIMÁTICA I                   ,RET,FCAS,Psicología
61911178  ,FEMENINO,CEUTEC-SPS,PREGRADO,0.00,0.00,0.00,62.00,4,4,INTRODUCCION AL ALGEBRA       ,RET,FCAS,Psicología
61911178  ,FEMENINO,CEUTEC-SPS,PREGRADO,0.00,0.00,0.00,62.00,4,4,INTRODUCCIÓN A LA PSICOLOGÍA  ,RET,FCAS,Psicología
61911179  ,FEMENINO,CEUTEC-SPS,PREGRADO,0.00,0.00,0.00,62.00,4,4,BIOLOGÍA                      ,RET,FCAS,Psicología
61911179  ,FEMENINO,CEUTEC-SPS,PREGRADO,0.00,0.00,0.00,62.00,4,4,OFIMÁTICA I                   ,RET,FCAS,Psicología
61911179  ,FEMENINO,CEUTEC-SPS,PREGRADO,0.00,0.00,0.00,62.00,4,4,INTRODUCCION AL ALGEBRA       ,RET,FCAS,Psicología
61911179  ,FEMENINO,CEUTEC-SPS,PREGRADO,0.00,0.00,0.00,62.00,4,4,INTRODUCCIÓN A LA PSICOLOGÍA  ,RET,FCAS,Psicología
61911343  ,FEMENINO,CEUTEC-SPS,PREGRADO,0.00,0.00,0.00,32.00,2,2,ESPAÑOL                       ,RET,FCAS,Técnico Mkt
61911343  ,FEMENINO,CEUTEC-SPS,PREGRADO,0.00,0.00,0.00,32.00,2,2,HISTORIA DE HONDURAS          ,RET,FCAS,Técnico Mkt
T61741111 ,FEMENINO,CEUTEC-SPS,TECVOC,57.24,69.74,15.00,28.00,2,2,INGLÉS IV                     ,SD,Técnico Universitario,TecVoc Call Center
T61741111 ,FEMENINO,CEUTEC-SPS,TECVOC,57.24,69.74,15.00,28.00,2,2,EMPRENDIMIENTO GESTIÓN CARRERA,SD,Técnico Universitario,TecVoc Call Center
T61911041 ,MASCULINO,CEUTEC-SPS,TECVOC,0.00,0.00,0.00,28.00,4,4,INTRO A LA TEC CALL CENTER    ,RET,Técnico Universitario,TecVoc Call Center
T61911041 ,MASCULINO,CEUTEC-SPS,TECVOC,0.00,0.00,0.00,28.00,4,4,INGLÉS I                      ,RET,Técnico Universitario,TecVoc Call Center
T61911041 ,MASCULINO,CEUTEC-SPS,TECVOC,0.00,0.00,0.00,28.00,4,4,COMUNICACIÓN ORAL Y ESCRITA   ,RET,Técnico Universitario,TecVoc Call Center
T61911041 ,MASCULINO,CEUTEC-SPS,TECVOC,0.00,0.00,0.00,28.00,4,4,MATEMÁTICA BÁSICA             ,RET,Técnico Universitario,TecVoc Call Center
T61911065 ,FEMENINO,CEUTEC-SPS,TECVOC,0.00,0.00,0.00,28.00,4,4,INTRO A LA TEC CALL CENTER    ,RET,Técnico Universitario,TecVoc Call Center
T61911065 ,FEMENINO,CEUTEC-SPS,TECVOC,0.00,0.00,0.00,28.00,4,4,INGLÉS I                      ,RET,Técnico Universitario,TecVoc Call Center
T61911065 ,FEMENINO,CEUTEC-SPS,TECVOC,0.00,0.00,0.00,28.00,4,4,COMUNICACIÓN ORAL Y ESCRITA   ,RET,Técnico Universitario,TecVoc Call Center
T61911065 ,FEMENINO,CEUTEC-SPS,TECVOC,0.00,0.00,0.00,28.00,4,4,MATEMÁTICA BÁSICA             ,RET,Técnico Universitario,TecVoc Call Center
T61841066 ,MASCULINO,CEUTEC-SPS,TECVOC,67.33,67.33,2.00,27.00,2,2,COMUNICACIÓN ORAL Y ESCRITA   ,SD,Técnico Universitario,TecVoc Redes (Especial)
T61841066 ,MASCULINO,CEUTEC-SPS,TECVOC,67.33,67.33,2.00,27.00,2,2,INTRODUCCIÓN AL ÁLGEBRA       ,SD,Técnico Universitario,TecVoc Redes (Especial)
T61911025 ,MASCULINO,CEUTEC-SPS,TECVOC,0.00,0.00,0.00,28.00,3,3,INTRO A LA TEC CALL CENTER    ,SD,Técnico Universitario,TecVoc Call Center Flexible
T61911025 ,MASCULINO,CEUTEC-SPS,TECVOC,0.00,0.00,0.00,28.00,3,3,INGLÉS I                      ,SD,Técnico Universitario,TecVoc Call Center Flexible
T61911025 ,MASCULINO,CEUTEC-SPS,TECVOC,0.00,0.00,0.00,28.00,3,3,COMUNICACIÓN ORAL Y ESCRITA   ,SD,Técnico Universitario,TecVoc Call Center Flexible
41741051  ,MASCULINO,CEUTEC-LCE,PREGRADO,70.60,74.00,22.00,56.00,1,1,CÁLCULO II                    ,RET,FIA,Ing. Informa.
41811123  ,FEMENINO,CEUTEC-LCE,PREGRADO,45.66,69.00,4.00,56.00,4,4,ECOLOGIA                      ,RET,FIA,Ing. Informa.
41811123  ,FEMENINO,CEUTEC-LCE,PREGRADO,45.66,69.00,4.00,56.00,4,4,FUTBOL                        ,RET,FIA,Ing. Informa.
41811123  ,FEMENINO,CEUTEC-LCE,PREGRADO,45.66,69.00,4.00,56.00,4,4,ALGEBRA                       ,RET,FIA,Ing. Informa.
41811123  ,FEMENINO,CEUTEC-LCE,PREGRADO,45.66,69.00,4.00,56.00,4,4,SOCIOLOGIA                    ,RET,FIA,Ing. Informa.
41911057  ,FEMENINO,CEUTEC-LCE,PREGRADO,0.00,0.00,0.00,58.00,3,3,COMUNICACIÓN ORAL Y ESCRITA   ,RET,FCAS,Turismo
41911057  ,FEMENINO,CEUTEC-LCE,PREGRADO,0.00,0.00,0.00,58.00,3,3,HISTORIA DE HONDURAS          ,RET,FCAS,Turismo
41911057  ,FEMENINO,CEUTEC-LCE,PREGRADO,0.00,0.00,0.00,58.00,3,3,OFIMÁTICA AVANZADA            ,RET,FCAS,Turismo
41851021  ,FEMENINO,CEUTEC-LCE,PREGRADO,90.43,90.00,2.00,60.00,2,2,INGLES I                      ,RET,FCAS,Diseño Gráf.
41851021  ,FEMENINO,CEUTEC-LCE,PREGRADO,90.43,90.00,2.00,60.00,2,2,OFIMATICA I                   ,RET,FCAS,Diseño Gráf.
41441031  ,FEMENINO,CEUTEC-LCE,PREGRADO,74.45,84.00,6.00,57.00,2,2,ALGEBRA                       ,RET,FCAS,Admon. Empresas
41441031  ,FEMENINO,CEUTEC-LCE,PREGRADO,74.45,84.00,6.00,57.00,2,2,INGLES I                      ,RET,FCAS,Admon. Empresas
41821097  ,MASCULINO,CEUTEC-LCE,PREGRADO,89.41,89.00,7.00,57.00,2,2,INGLES I                      ,RET,FCAS,Admon. Empresas
41821097  ,MASCULINO,CEUTEC-LCE,PREGRADO,89.41,89.00,7.00,57.00,2,2,ALGEBRA                       ,RET,FCAS,Admon. Empresas
41911003  ,FEMENINO,CEUTEC-LCE,PREGRADO,0.00,0.00,0.00,57.00,2,2,ADMINISTRACION I              ,RET,FCAS,Admon. Empresas
41911003  ,FEMENINO,CEUTEC-LCE,PREGRADO,0.00,0.00,0.00,57.00,2,2,ESPAÑOL                       ,RET,FCAS,Admon. Empresas
41911104  ,MASCULINO,CEUTEC-LCE,PREGRADO,0.00,0.00,0.00,57.00,1,1,INTRODUCCION AL ALGEBRA       ,RET,FCAS,Admon. Empresas
41911214  ,MASCULINO,CEUTEC-LCE,PREGRADO,0.00,0.00,0.00,57.00,3,3,ESPAÑOL                       ,RET,FCAS,Admon. Empresas
41911214  ,MASCULINO,CEUTEC-LCE,PREGRADO,0.00,0.00,0.00,57.00,3,3,OFIMATICA I                   ,RET,FCAS,Admon. Empresas
41911214  ,MASCULINO,CEUTEC-LCE,PREGRADO,0.00,0.00,0.00,57.00,3,3,INTRODUCCION AL ALGEBRA       ,RET,FCAS,Admon. Empresas
51811116  ,FEMENINO,CEUTEC-LCE,PREGRADO,62.24,69.00,10.00,57.00,3,3,OFIMATICA II                  ,RET,FCAS,Admon. Empresas
51811116  ,FEMENINO,CEUTEC-LCE,PREGRADO,62.24,69.00,10.00,57.00,3,3,INTRODUCCION AL ALGEBRA       ,RET,FCAS,Admon. Empresas
51811116  ,FEMENINO,CEUTEC-LCE,PREGRADO,62.24,69.00,10.00,57.00,3,3,GESTION DEL TALENTO HUMANO II ,RET,FCAS,Admon. Empresas
41321034  ,FEMENINO,CEUTEC-LCE,PREGRADO,73.92,75.00,31.00,59.00,3,3,INGLES VI                     ,RET,FCAS,RRHH
41321034  ,FEMENINO,CEUTEC-LCE,PREGRADO,73.92,75.00,31.00,59.00,3,3,ESTADISTICA I                 ,RET,FCAS,RRHH
41321034  ,FEMENINO,CEUTEC-LCE,PREGRADO,73.92,75.00,31.00,59.00,3,3,NEGOCIACIÓN                   ,RET,FCAS,RRHH
41911014  ,FEMENINO,CEUTEC-LCE,PREGRADO,0.00,0.00,0.00,55.00,2,2,HISTORIA DE HONDURAS          ,RET,FCAS,Mercadotecnia
41911014  ,FEMENINO,CEUTEC-LCE,PREGRADO,0.00,0.00,0.00,55.00,2,2,INTRODUCCION A MERCADOTECNIA  ,RET,FCAS,Mercadotecnia
41811209  ,FEMENINO,CEUTEC-LCE,PREGRADO,65.48,73.00,4.00,63.00,2,2,SOCIOLOGIA                    ,RET,FCAS,Mercadotecnia
41811209  ,FEMENINO,CEUTEC-LCE,PREGRADO,65.48,73.00,4.00,63.00,2,2,ETICA PROFESIONAL             ,RET,FCAS,Mercadotecnia
41611123  ,FEMENINO,CEUTEC-LCE,PREGRADO,61.38,69.00,9.00,66.00,4,4,ADMINISTRACION I              ,RET,FCAS,Derecho
41611123  ,FEMENINO,CEUTEC-LCE,PREGRADO,61.38,69.00,9.00,66.00,4,4,DERECHO CONSTITUCIONAL        ,RET,FCAS,Derecho
41611123  ,FEMENINO,CEUTEC-LCE,PREGRADO,61.38,69.00,9.00,66.00,4,4,DERECHO DE SUCESIONES         ,RET,FCAS,Derecho
41611123  ,FEMENINO,CEUTEC-LCE,PREGRADO,61.38,69.00,9.00,66.00,4,4,SOCIOLOGIA                    ,RET,FCAS,Derecho
41911095  ,MASCULINO,CEUTEC-LCE,PREGRADO,0.00,0.00,0.00,66.00,2,2,INTRO. AL ESTUDIO DEL DERECHO ,RET,FCAS,Derecho
41911095  ,MASCULINO,CEUTEC-LCE,PREGRADO,0.00,0.00,0.00,66.00,2,2,FILOSOFIA                     ,RET,FCAS,Derecho
41911256  ,FEMENINO,CEUTEC-LCE,PREGRADO,0.00,0.00,0.00,66.00,4,4,ECOLOGIA                      ,RET,FCAS,Derecho
41911256  ,FEMENINO,CEUTEC-LCE,PREGRADO,0.00,0.00,0.00,66.00,4,4,INTRO. AL ESTUDIO DEL DERECHO ,RET,FCAS,Derecho
41911256  ,FEMENINO,CEUTEC-LCE,PREGRADO,0.00,0.00,0.00,66.00,4,4,DERECHO ROMANO                ,RET,FCAS,Derecho
41911256  ,FEMENINO,CEUTEC-LCE,PREGRADO,0.00,0.00,0.00,66.00,4,4,SOCIOLOGIA                    ,RET,FCAS,Derecho
41851020  ,FEMENINO,CEUTEC-LCE,PREGRADO,58.89,60.00,2.00,62.00,2,2,INTRODUCCION AL ALGEBRA       ,RET,FCAS,Psicología
41851020  ,FEMENINO,CEUTEC-LCE,PREGRADO,58.89,60.00,2.00,62.00,2,2,INTRODUCCIÓN A LA PSICOLOGÍA  ,RET,FCAS,Psicología
41311334  ,FEMENINO,CEUTEC-LCE,PREGRADO,59.55,77.00,7.00,62.00,2,2,ESPAÑOL                       ,RET,FCAS,Psicología
41311334  ,FEMENINO,CEUTEC-LCE,PREGRADO,59.55,77.00,7.00,62.00,2,2,OFIMATICA I                   ,RET,FCAS,Psicología
41911058  ,FEMENINO,CEUTEC-LCE,PREGRADO,0.00,0.00,0.00,62.00,3,3,ESPAÑOL                       ,RET,FCAS,Psicología
41911058  ,FEMENINO,CEUTEC-LCE,PREGRADO,0.00,0.00,0.00,62.00,3,3,HISTORIA DE HONDURAS          ,RET,FCAS,Psicología
41911058  ,FEMENINO,CEUTEC-LCE,PREGRADO,0.00,0.00,0.00,62.00,3,3,INTRODUCCIÓN A LA PSICOLOGÍA  ,RET,FCAS,Psicología
