ID,No. Cursos,CUENTA,SEXO,CAMPUS,NIVEL,INDICE GENERAL,INDICE GRADUACION,CLASES APROBADAS,CLASES PLAN,CLASES MATRICULADAS,CLASES RET SD,NOMBRE MATERIA,ESTADO,FACULTAD/AREA,NombreCarrera
41741051  CaLCULO II                    ,1,41741051,MASCULINO,CEUTEC-LCE,PREGRADO,70.6,74,22,56,1,1,CaLCULO II                    ,RET,FIA,Ing. Informa.
41811123  ECOLOGIA                      ,1,41811123,FEMENINO,CEUTEC-LCE,PREGRADO,45.66,69,4,56,4,4,ECOLOGIA                      ,RET,FIA,Ing. Informa.
41811123  FUTBOL                        ,1,41811123,FEMENINO,CEUTEC-LCE,PREGRADO,45.66,69,4,56,4,4,FUTBOL                        ,RET,FIA,Ing. Informa.
41811123  ALGEBRA                       ,1,41811123,FEMENINO,CEUTEC-LCE,PREGRADO,45.66,69,4,56,4,4,ALGEBRA                       ,RET,FIA,Ing. Informa.
41811123  SOCIOLOGIA                    ,1,41811123,FEMENINO,CEUTEC-LCE,PREGRADO,45.66,69,4,56,4,4,SOCIOLOGIA                    ,RET,FIA,Ing. Informa.
41911057  COMUNICACIoN ORAL Y ESCRITA   ,1,41911057,FEMENINO,CEUTEC-LCE,PREGRADO,0,0,0,58,3,3,COMUNICACIoN ORAL Y ESCRITA   ,RET,FCAS,Turismo
41911057  HISTORIA DE HONDURAS          ,1,41911057,FEMENINO,CEUTEC-LCE,PREGRADO,0,0,0,58,3,3,HISTORIA DE HONDURAS          ,RET,FCAS,Turismo
41911057  OFIMaTICA AVANZADA            ,1,41911057,FEMENINO,CEUTEC-LCE,PREGRADO,0,0,0,58,3,3,OFIMaTICA AVANZADA            ,RET,FCAS,Turismo
41851021  INGLES I                      ,1,41851021,FEMENINO,CEUTEC-LCE,PREGRADO,90.43,90,2,60,2,2,INGLES I                      ,RET,FCAS,Diseno Graf.
41851021  OFIMATICA I                   ,1,41851021,FEMENINO,CEUTEC-LCE,PREGRADO,90.43,90,2,60,2,2,OFIMATICA I                   ,RET,FCAS,Diseno Graf.
41441031  ALGEBRA                       ,1,41441031,FEMENINO,CEUTEC-LCE,PREGRADO,74.45,84,6,57,2,2,ALGEBRA                       ,RET,FCAS,Admon. Empresas
41441031  INGLES I                      ,1,41441031,FEMENINO,CEUTEC-LCE,PREGRADO,74.45,84,6,57,2,2,INGLES I                      ,RET,FCAS,Admon. Empresas
41821097  INGLES I                      ,1,41821097,MASCULINO,CEUTEC-LCE,PREGRADO,89.41,89,7,57,2,2,INGLES I                      ,RET,FCAS,Admon. Empresas
41821097  ALGEBRA                       ,1,41821097,MASCULINO,CEUTEC-LCE,PREGRADO,89.41,89,7,57,2,2,ALGEBRA                       ,RET,FCAS,Admon. Empresas
41911003  ADMINISTRACION I              ,1,41911003,FEMENINO,CEUTEC-LCE,PREGRADO,0,0,0,57,2,2,ADMINISTRACION I              ,RET,FCAS,Admon. Empresas
41911003  ESPAnOL                       ,1,41911003,FEMENINO,CEUTEC-LCE,PREGRADO,0,0,0,57,2,2,ESPAnOL                       ,RET,FCAS,Admon. Empresas
41911104  INTRODUCCION AL ALGEBRA       ,1,41911104,MASCULINO,CEUTEC-LCE,PREGRADO,0,0,0,57,1,1,INTRODUCCION AL ALGEBRA       ,RET,FCAS,Admon. Empresas
41911214  ESPAnOL                       ,1,41911214,MASCULINO,CEUTEC-LCE,PREGRADO,0,0,0,57,3,3,ESPAnOL                       ,RET,FCAS,Admon. Empresas
41911214  OFIMATICA I                   ,1,41911214,MASCULINO,CEUTEC-LCE,PREGRADO,0,0,0,57,3,3,OFIMATICA I                   ,RET,FCAS,Admon. Empresas
41911214  INTRODUCCION AL ALGEBRA       ,1,41911214,MASCULINO,CEUTEC-LCE,PREGRADO,0,0,0,57,3,3,INTRODUCCION AL ALGEBRA       ,RET,FCAS,Admon. Empresas
51811116  OFIMATICA II                  ,1,51811116,FEMENINO,CEUTEC-LCE,PREGRADO,62.24,69,10,57,3,3,OFIMATICA II                  ,RET,FCAS,Admon. Empresas
51811116  INTRODUCCION AL ALGEBRA       ,1,51811116,FEMENINO,CEUTEC-LCE,PREGRADO,62.24,69,10,57,3,3,INTRODUCCION AL ALGEBRA       ,RET,FCAS,Admon. Empresas
51811116  GESTION DEL TALENTO HUMANO II ,1,51811116,FEMENINO,CEUTEC-LCE,PREGRADO,62.24,69,10,57,3,3,GESTION DEL TALENTO HUMANO II ,RET,FCAS,Admon. Empresas
41321034  INGLES VI                     ,1,41321034,FEMENINO,CEUTEC-LCE,PREGRADO,73.92,75,31,59,3,3,INGLES VI                     ,RET,FCAS,RRHH
41321034  ESTADISTICA I                 ,1,41321034,FEMENINO,CEUTEC-LCE,PREGRADO,73.92,75,31,59,3,3,ESTADISTICA I                 ,RET,FCAS,RRHH
41321034  NEGOCIACIoN                   ,1,41321034,FEMENINO,CEUTEC-LCE,PREGRADO,73.92,75,31,59,3,3,NEGOCIACIoN                   ,RET,FCAS,RRHH
41911014  HISTORIA DE HONDURAS          ,1,41911014,FEMENINO,CEUTEC-LCE,PREGRADO,0,0,0,55,2,2,HISTORIA DE HONDURAS          ,RET,FCAS,Mercadotecnia
41911014  INTRODUCCION A MERCADOTECNIA  ,1,41911014,FEMENINO,CEUTEC-LCE,PREGRADO,0,0,0,55,2,2,INTRODUCCION A MERCADOTECNIA  ,RET,FCAS,Mercadotecnia
41811209  SOCIOLOGIA                    ,1,41811209,FEMENINO,CEUTEC-LCE,PREGRADO,65.48,73,4,63,2,2,SOCIOLOGIA                    ,RET,FCAS,Mercadotecnia
41811209  ETICA PROFESIONAL             ,1,41811209,FEMENINO,CEUTEC-LCE,PREGRADO,65.48,73,4,63,2,2,ETICA PROFESIONAL             ,RET,FCAS,Mercadotecnia
41611123  ADMINISTRACION I              ,1,41611123,FEMENINO,CEUTEC-LCE,PREGRADO,61.38,69,9,66,4,4,ADMINISTRACION I              ,RET,FCAS,Derecho
41611123  DERECHO CONSTITUCIONAL        ,1,41611123,FEMENINO,CEUTEC-LCE,PREGRADO,61.38,69,9,66,4,4,DERECHO CONSTITUCIONAL        ,RET,FCAS,Derecho
41611123  DERECHO DE SUCESIONES         ,1,41611123,FEMENINO,CEUTEC-LCE,PREGRADO,61.38,69,9,66,4,4,DERECHO DE SUCESIONES         ,RET,FCAS,Derecho
41611123  SOCIOLOGIA                    ,1,41611123,FEMENINO,CEUTEC-LCE,PREGRADO,61.38,69,9,66,4,4,SOCIOLOGIA                    ,RET,FCAS,Derecho
41911095  INTRO. AL ESTUDIO DEL DERECHO ,1,41911095,MASCULINO,CEUTEC-LCE,PREGRADO,0,0,0,66,2,2,INTRO. AL ESTUDIO DEL DERECHO ,RET,FCAS,Derecho
41911095  FILOSOFIA                     ,1,41911095,MASCULINO,CEUTEC-LCE,PREGRADO,0,0,0,66,2,2,FILOSOFIA                     ,RET,FCAS,Derecho
41911256  ECOLOGIA                      ,1,41911256,FEMENINO,CEUTEC-LCE,PREGRADO,0,0,0,66,4,4,ECOLOGIA                      ,RET,FCAS,Derecho
41911256  INTRO. AL ESTUDIO DEL DERECHO ,1,41911256,FEMENINO,CEUTEC-LCE,PREGRADO,0,0,0,66,4,4,INTRO. AL ESTUDIO DEL DERECHO ,RET,FCAS,Derecho
41911256  DERECHO ROMANO                ,1,41911256,FEMENINO,CEUTEC-LCE,PREGRADO,0,0,0,66,4,4,DERECHO ROMANO                ,RET,FCAS,Derecho
41911256  SOCIOLOGIA                    ,1,41911256,FEMENINO,CEUTEC-LCE,PREGRADO,0,0,0,66,4,4,SOCIOLOGIA                    ,RET,FCAS,Derecho
41851020  INTRODUCCION AL ALGEBRA       ,1,41851020,FEMENINO,CEUTEC-LCE,PREGRADO,58.89,60,2,62,2,2,INTRODUCCION AL ALGEBRA       ,RET,FCAS,Psicologia
41851020  INTRODUCCIoN A LA PSICOLOGiA  ,1,41851020,FEMENINO,CEUTEC-LCE,PREGRADO,58.89,60,2,62,2,2,INTRODUCCIoN A LA PSICOLOGiA  ,RET,FCAS,Psicologia
41311334  ESPAnOL                       ,1,41311334,FEMENINO,CEUTEC-LCE,PREGRADO,59.55,77,7,62,2,2,ESPAnOL                       ,RET,FCAS,Psicologia
41311334  OFIMATICA I                   ,1,41311334,FEMENINO,CEUTEC-LCE,PREGRADO,59.55,77,7,62,2,2,OFIMATICA I                   ,RET,FCAS,Psicologia
41911058  ESPAnOL                       ,1,41911058,FEMENINO,CEUTEC-LCE,PREGRADO,0,0,0,62,3,3,ESPAnOL                       ,RET,FCAS,Psicologia
41911058  HISTORIA DE HONDURAS          ,1,41911058,FEMENINO,CEUTEC-LCE,PREGRADO,0,0,0,62,3,3,HISTORIA DE HONDURAS          ,RET,FCAS,Psicologia
41911058  INTRODUCCIoN A LA PSICOLOGiA  ,1,41911058,FEMENINO,CEUTEC-LCE,PREGRADO,0,0,0,62,3,3,INTRODUCCIoN A LA PSICOLOGiA  ,RET,FCAS,Psicologia
61411067  INGLeS VI                     ,1,61411067,MASCULINO,CEUTEC-SPS,PREGRADO,82.68,83,52,55,1,1,INGLeS VI                     ,RET,FIA,Ing. Informa.
61421042  METODOLOGiA DE INVESTIGACIoN  ,1,61421042,MASCULINO,CEUTEC-SPS,PREGRADO,74.28,74,11,55,1,1,METODOLOGiA DE INVESTIGACIoN  ,RET,FIA,Ing. Informa.
617111062 INGLeS IV                     ,1,617111062,MASCULINO,CEUTEC-SPS,PREGRADO,60.52,71.75,6,55,1,1,INGLeS IV                     ,SD,FIA,Ing. Informa.
61751334  INGLeS II                     ,1,61751334,MASCULINO,CEUTEC-SPS,PREGRADO,89.4,89,6,62,2,2,INGLeS II                     ,RET,FIA,Ing. Electronica
61751334  GEOMETRIA TRIGONOMETRIA       ,1,61751334,MASCULINO,CEUTEC-SPS,PREGRADO,89.4,89,6,62,2,2,GEOMETRIA TRIGONOMETRIA       ,RET,FIA,Ing. Electronica
61911235  BIOLOGiA                      ,1,61911235,MASCULINO,CEUTEC-SPS,PREGRADO,0,0,0,62,3,3,BIOLOGiA                      ,RET,FIA,Ing. Electronica
61911235  OFIMATICA AVANZADA            ,1,61911235,MASCULINO,CEUTEC-SPS,PREGRADO,0,0,0,62,3,3,OFIMATICA AVANZADA            ,RET,FIA,Ing. Electronica
61911235  INTRODUCCIoN AL aLGEBRA       ,1,61911235,MASCULINO,CEUTEC-SPS,PREGRADO,0,0,0,62,3,3,INTRODUCCIoN AL aLGEBRA       ,RET,FIA,Ing. Electronica
617111009 INGLeS I                      ,1,617111009,FEMENINO,CEUTEC-SPS,PREGRADO,69.38,76,11,58,2,2,INGLeS I                      ,RET,FIA,Ing. Logistica
617111009 aLGEBRA LINEAL                ,1,617111009,FEMENINO,CEUTEC-SPS,PREGRADO,69.38,76,11,58,2,2,aLGEBRA LINEAL                ,RET,FIA,Ing. Logistica
61821360  FILOSOFiA                     ,1,61821360,MASCULINO,CEUTEC-SPS,PREGRADO,63.86,78,4,58,2,2,FILOSOFiA                     ,RET,FIA,Ing. Logistica
61821360  SOCIOLOGiA                    ,1,61821360,MASCULINO,CEUTEC-SPS,PREGRADO,63.86,78,4,58,2,2,SOCIOLOGiA                    ,RET,FIA,Ing. Logistica
61821367  COMUNICACION ORAL Y ESCRITA   ,1,61821367,MASCULINO,CEUTEC-SPS,PREGRADO,65.73,74,3,58,3,3,COMUNICACION ORAL Y ESCRITA   ,RET,FIA,Ing. Logistica
61821367  INTROD. GESTION LOGISTICA     ,1,61821367,MASCULINO,CEUTEC-SPS,PREGRADO,65.73,74,3,58,3,3,INTROD. GESTION LOGISTICA     ,RET,FIA,Ing. Logistica
61821367  aLGEBRA                       ,1,61821367,MASCULINO,CEUTEC-SPS,PREGRADO,65.73,74,3,58,3,3,aLGEBRA                       ,RET,FIA,Ing. Logistica
61911174  HISTORIA DE HONDURAS          ,1,61911174,MASCULINO,CEUTEC-SPS,PREGRADO,0,0,0,58,2,2,HISTORIA DE HONDURAS          ,RET,FIA,Ing. Logistica
61911174  INTRODUCCIoN AL aLGEBRA       ,1,61911174,MASCULINO,CEUTEC-SPS,PREGRADO,0,0,0,58,2,2,INTRODUCCIoN AL aLGEBRA       ,RET,FIA,Ing. Logistica
61641020  INTRODUCCIoN AL aLGEBRA       ,1,61641020,MASCULINO,CEUTEC-SPS,PREGRADO,71,85,1,60,2,2,INTRODUCCIoN AL aLGEBRA       ,RET,FCAS,Diseno Graf.
61641020  HISTORIA DE HONDURAS          ,1,61641020,MASCULINO,CEUTEC-SPS,PREGRADO,71,85,1,60,2,2,HISTORIA DE HONDURAS          ,RET,FCAS,Diseno Graf.
61821024  HISTORIA DE HONDURAS          ,1,61821024,FEMENINO,CEUTEC-SPS,PREGRADO,78,78,1,60,2,2,HISTORIA DE HONDURAS          ,RET,FCAS,Diseno Graf.
61821024  SOCIOLOGiA                    ,1,61821024,FEMENINO,CEUTEC-SPS,PREGRADO,78,78,1,60,2,2,SOCIOLOGiA                    ,RET,FCAS,Diseno Graf.
61821093  HISTORIA DE HONDURAS          ,1,61821093,MASCULINO,CEUTEC-SPS,PREGRADO,68.55,81,3,60,2,2,HISTORIA DE HONDURAS          ,RET,FCAS,Diseno Graf.
61821093  SOCIOLOGiA                    ,1,61821093,MASCULINO,CEUTEC-SPS,PREGRADO,68.55,81,3,60,2,2,SOCIOLOGiA                    ,RET,FCAS,Diseno Graf.
61551398  MICROECONOMiA                 ,1,61551398,MASCULINO,CEUTEC-SPS,PREGRADO,77.47,77,4,60,2,2,MICROECONOMiA                 ,RET,FCAS,Contaduria
61551398  ESPAnOL                       ,1,61551398,MASCULINO,CEUTEC-SPS,PREGRADO,77.47,77,4,60,2,2,ESPAnOL                       ,RET,FCAS,Contaduria
61611675  ADMINISTRACIoN II             ,1,61611675,FEMENINO,CEUTEC-SPS,PREGRADO,46.37,75,7,60,2,2,ADMINISTRACIoN II             ,RET,FCAS,Contaduria
61611675  SERVICIO AL CLIENTE           ,1,61611675,FEMENINO,CEUTEC-SPS,PREGRADO,46.37,75,7,60,2,2,SERVICIO AL CLIENTE           ,RET,FCAS,Contaduria
61611758  ADMINISTRACIoN II             ,1,61611758,FEMENINO,CEUTEC-SPS,PREGRADO,79.25,80,40,60,2,2,ADMINISTRACIoN II             ,RET,FCAS,Contaduria
61611758  GESTIoN DE LA CALIDAD         ,1,61611758,FEMENINO,CEUTEC-SPS,PREGRADO,79.25,80,40,60,2,2,GESTIoN DE LA CALIDAD         ,RET,FCAS,Contaduria
61711069  CaLCULO PARA CC. SOCIALES     ,1,61711069,MASCULINO,CEUTEC-SPS,PREGRADO,72.33,72,9,60,1,1,CaLCULO PARA CC. SOCIALES     ,RET,FCAS,Contaduria
61911131  FILOSOFiA                     ,1,61911131,FEMENINO,CEUTEC-SPS,PREGRADO,0,0,0,60,2,2,FILOSOFiA                     ,RET,FCAS,Contaduria
61911131  INTRODUCCIoN AL aLGEBRA       ,1,61911131,FEMENINO,CEUTEC-SPS,PREGRADO,0,0,0,60,2,2,INTRODUCCIoN AL aLGEBRA       ,RET,FCAS,Contaduria
61911617  ADMINISTRACIoN I              ,1,61911617,FEMENINO,CEUTEC-SPS,PREGRADO,0,0,0,60,3,3,ADMINISTRACIoN I              ,RET,FCAS,Contaduria
61911617  OFIMaTICA I                   ,1,61911617,FEMENINO,CEUTEC-SPS,PREGRADO,0,0,0,60,3,3,OFIMaTICA I                   ,RET,FCAS,Contaduria
61911617  INTRODUCCIoN AL aLGEBRA       ,1,61911617,FEMENINO,CEUTEC-SPS,PREGRADO,0,0,0,60,3,3,INTRODUCCIoN AL aLGEBRA       ,RET,FCAS,Contaduria
61911623  ESPAnOL                       ,1,61911623,MASCULINO,CEUTEC-SPS,PREGRADO,0,0,0,60,1,1,ESPAnOL                       ,RET,FCAS,Contaduria
615111380 eTICA PROFESIONAL             ,1,615111380,FEMENINO,CEUTEC-SPS,PREGRADO,100,100,2,57,1,1,eTICA PROFESIONAL             ,RET,FCAS,Admon. Empresas
616111545 ADMINISTRACIoN I              ,1,616111545,FEMENINO,CEUTEC-SPS,PREGRADO,0,0,0,57,2,2,ADMINISTRACIoN I              ,RET,FCAS,Admon. Empresas
616111545 HISTORIA DE HONDURAS          ,1,616111545,FEMENINO,CEUTEC-SPS,PREGRADO,0,0,0,57,2,2,HISTORIA DE HONDURAS          ,RET,FCAS,Admon. Empresas
61611526  ASESORIA Y CONSUL EMP         ,1,61611526,FEMENINO,CEUTEC-SPS,PREGRADO,78.47,79,43,57,3,3,ASESORIA Y CONSUL EMP         ,RET,FCAS,Admon. Empresas
61611526  ADMON. OPERACIONES II         ,1,61611526,FEMENINO,CEUTEC-SPS,PREGRADO,78.47,79,43,57,3,3,ADMON. OPERACIONES II         ,RET,FCAS,Admon. Empresas
61611526  SERVICIO AL CLIENTE           ,1,61611526,FEMENINO,CEUTEC-SPS,PREGRADO,78.47,79,43,57,3,3,SERVICIO AL CLIENTE           ,RET,FCAS,Admon. Empresas
61711548  ANaLISIS CONTABLE II          ,1,61711548,FEMENINO,CEUTEC-SPS,PREGRADO,69.1,74,13,57,3,3,ANaLISIS CONTABLE II          ,RET,FCAS,Admon. Empresas
61711548  eTICA PROFESIONAL             ,1,61711548,FEMENINO,CEUTEC-SPS,PREGRADO,69.1,74,13,57,3,3,eTICA PROFESIONAL             ,RET,FCAS,Admon. Empresas
61711548  BIOLOGiA                      ,1,61711548,FEMENINO,CEUTEC-SPS,PREGRADO,69.1,74,13,57,3,3,BIOLOGiA                      ,RET,FCAS,Admon. Empresas
61911338  ADMINISTRACIoN I              ,1,61911338,FEMENINO,CEUTEC-SPS,PREGRADO,0,0,0,57,2,2,ADMINISTRACIoN I              ,RET,FCAS,Admon. Empresas
61911338  INTRODUCCIoN AL aLGEBRA       ,1,61911338,FEMENINO,CEUTEC-SPS,PREGRADO,0,0,0,57,2,2,INTRODUCCIoN AL aLGEBRA       ,RET,FCAS,Admon. Empresas
61911386  ADMINISTRACIoN I              ,1,61911386,MASCULINO,CEUTEC-SPS,PREGRADO,0,0,0,57,2,2,ADMINISTRACIoN I              ,RET,FCAS,Admon. Empresas
61911386  INTRODUCCIoN AL aLGEBRA       ,1,61911386,MASCULINO,CEUTEC-SPS,PREGRADO,0,0,0,57,2,2,INTRODUCCIoN AL aLGEBRA       ,RET,FCAS,Admon. Empresas
61621160  INGLeS I                      ,1,61621160,MASCULINO,CEUTEC-SPS,PREGRADO,73.55,77,18,55,4,4,INGLeS I                      ,RET,FCAS,Mercadotecnia
61621160  COMPORT. DEL CONSUMIDOR       ,1,61621160,MASCULINO,CEUTEC-SPS,PREGRADO,73.55,77,18,55,4,4,COMPORT. DEL CONSUMIDOR       ,RET,FCAS,Mercadotecnia
61621160  eTICA Y CIUDADANIA            ,1,61621160,MASCULINO,CEUTEC-SPS,PREGRADO,73.55,77,18,55,4,4,eTICA Y CIUDADANIA            ,RET,FCAS,Mercadotecnia
61621160  METODOLOGiA DE INVESTIGACIoN  ,1,61621160,MASCULINO,CEUTEC-SPS,PREGRADO,73.55,77,18,55,4,4,METODOLOGiA DE INVESTIGACIoN  ,RET,FCAS,Mercadotecnia
618111352 ANaLISIS CONTABLE I           ,1,618111352,FEMENINO,CEUTEC-SPS,PREGRADO,72.29,78,12,55,3,3,ANaLISIS CONTABLE I           ,RET,FCAS,Mercadotecnia
618111352 MERCADOTECNIA I               ,1,618111352,FEMENINO,CEUTEC-SPS,PREGRADO,72.29,78,12,55,3,3,MERCADOTECNIA I               ,RET,FCAS,Mercadotecnia
618111352 GER.RECURSOS HUMANOS I        ,1,618111352,FEMENINO,CEUTEC-SPS,PREGRADO,72.29,78,12,55,3,3,GER.RECURSOS HUMANOS I        ,RET,FCAS,Mercadotecnia
61911591  COMUNICACION ORAL Y ESCRITA   ,1,61911591,MASCULINO,CEUTEC-SPS,PREGRADO,0,0,0,55,2,2,COMUNICACION ORAL Y ESCRITA   ,RET,FCAS,Mercadotecnia
61911591  INTRODUCCION A MERCADOTECNIA  ,1,61911591,MASCULINO,CEUTEC-SPS,PREGRADO,0,0,0,55,2,2,INTRODUCCION A MERCADOTECNIA  ,RET,FCAS,Mercadotecnia
615111092 OFIMaTICA II                  ,1,615111092,FEMENINO,CEUTEC-SPS,PREGRADO,57.25,73,18,62,3,3,OFIMaTICA II                  ,RET,FCAS,Psicologia
615111092 INTRODUCCION AL ALGEBRA       ,1,615111092,FEMENINO,CEUTEC-SPS,PREGRADO,57.25,73,18,62,3,3,INTRODUCCION AL ALGEBRA       ,RET,FCAS,Psicologia
615111092 PSICOLOGIA ORGANIZACIONAL     ,1,615111092,FEMENINO,CEUTEC-SPS,PREGRADO,57.25,73,18,62,3,3,PSICOLOGIA ORGANIZACIONAL     ,RET,FCAS,Psicologia
61521599  OFIMaTICA II                  ,1,61521599,FEMENINO,CEUTEC-SPS,PREGRADO,45.71,74,12,62,2,2,OFIMaTICA II                  ,RET,FCAS,Psicologia
61521599  INTRODUCCION AL ALGEBRA       ,1,61521599,FEMENINO,CEUTEC-SPS,PREGRADO,45.71,74,12,62,2,2,INTRODUCCION AL ALGEBRA       ,RET,FCAS,Psicologia
61911237  ESPAnOL                       ,1,61911237,FEMENINO,CEUTEC-SPS,PREGRADO,0,0,0,62,2,2,ESPAnOL                       ,RET,FCAS,Psicologia
61911237  BIOLOGiA                      ,1,61911237,FEMENINO,CEUTEC-SPS,PREGRADO,0,0,0,62,2,2,BIOLOGiA                      ,RET,FCAS,Psicologia
61321092  PSICOMETRiA IV                ,1,61321092,FEMENINO,CEUTEC-SPS,PREGRADO,71.33,76,33,62,3,3,PSICOMETRiA IV                ,RET,FCAS,Psicologia
61321092  PSICOLOGIA ORGANIZACIONAL     ,1,61321092,FEMENINO,CEUTEC-SPS,PREGRADO,71.33,76,33,62,3,3,PSICOLOGIA ORGANIZACIONAL     ,RET,FCAS,Psicologia
61321092  PSICODIAGNoSTICO I            ,1,61321092,FEMENINO,CEUTEC-SPS,PREGRADO,71.33,76,33,62,3,3,PSICODIAGNoSTICO I            ,RET,FCAS,Psicologia
61451380  HISTORIA DE HONDURAS          ,1,61451380,FEMENINO,CEUTEC-SPS,PREGRADO,0.25,0,0,62,5,5,HISTORIA DE HONDURAS          ,RET,FCAS,Psicologia
61451380  INTRODUCCION AL ALGEBRA       ,1,61451380,FEMENINO,CEUTEC-SPS,PREGRADO,0.25,0,0,62,5,5,INTRODUCCION AL ALGEBRA       ,RET,FCAS,Psicologia
61451380  ADMINISTRACIoN I              ,1,61451380,FEMENINO,CEUTEC-SPS,PREGRADO,0.25,0,0,62,5,5,ADMINISTRACIoN I              ,RET,FCAS,Psicologia
61451380  ESPAnOL                       ,1,61451380,FEMENINO,CEUTEC-SPS,PREGRADO,0.25,0,0,62,5,5,ESPAnOL                       ,RET,FCAS,Psicologia
61451380  FILOSOFiA                     ,1,61451380,FEMENINO,CEUTEC-SPS,PREGRADO,0.25,0,0,62,5,5,FILOSOFiA                     ,RET,FCAS,Psicologia
61911178  BIOLOGiA                      ,1,61911178,FEMENINO,CEUTEC-SPS,PREGRADO,0,0,0,62,4,4,BIOLOGiA                      ,RET,FCAS,Psicologia
61911178  OFIMaTICA I                   ,1,61911178,FEMENINO,CEUTEC-SPS,PREGRADO,0,0,0,62,4,4,OFIMaTICA I                   ,RET,FCAS,Psicologia
61911178  INTRODUCCION AL ALGEBRA       ,1,61911178,FEMENINO,CEUTEC-SPS,PREGRADO,0,0,0,62,4,4,INTRODUCCION AL ALGEBRA       ,RET,FCAS,Psicologia
61911178  INTRODUCCIoN A LA PSICOLOGiA  ,1,61911178,FEMENINO,CEUTEC-SPS,PREGRADO,0,0,0,62,4,4,INTRODUCCIoN A LA PSICOLOGiA  ,RET,FCAS,Psicologia
61911179  BIOLOGiA                      ,1,61911179,FEMENINO,CEUTEC-SPS,PREGRADO,0,0,0,62,4,4,BIOLOGiA                      ,RET,FCAS,Psicologia
61911179  OFIMaTICA I                   ,1,61911179,FEMENINO,CEUTEC-SPS,PREGRADO,0,0,0,62,4,4,OFIMaTICA I                   ,RET,FCAS,Psicologia
61911179  INTRODUCCION AL ALGEBRA       ,1,61911179,FEMENINO,CEUTEC-SPS,PREGRADO,0,0,0,62,4,4,INTRODUCCION AL ALGEBRA       ,RET,FCAS,Psicologia
61911179  INTRODUCCIoN A LA PSICOLOGiA  ,1,61911179,FEMENINO,CEUTEC-SPS,PREGRADO,0,0,0,62,4,4,INTRODUCCIoN A LA PSICOLOGiA  ,RET,FCAS,Psicologia
61911343  ESPAnOL                       ,1,61911343,FEMENINO,CEUTEC-SPS,PREGRADO,0,0,0,32,2,2,ESPAnOL                       ,RET,FCAS,Tecnico Mkt
61911343  HISTORIA DE HONDURAS          ,1,61911343,FEMENINO,CEUTEC-SPS,PREGRADO,0,0,0,32,2,2,HISTORIA DE HONDURAS          ,RET,FCAS,Tecnico Mkt
T61741111 INGLeS IV                     ,1,T61741111 ,FEMENINO,CEUTEC-SPS,TECVOC,57.24,69.74,15,28,2,2,INGLeS IV                     ,SD,Tecnico Universitario,TecVoc Call Center
T61741111 EMPRENDIMIENTO GESTIoN CARRERA,1,T61741111 ,FEMENINO,CEUTEC-SPS,TECVOC,57.24,69.74,15,28,2,2,EMPRENDIMIENTO GESTIoN CARRERA,SD,Tecnico Universitario,TecVoc Call Center
T61911041 INTRO A LA TEC CALL CENTER    ,1,T61911041 ,MASCULINO,CEUTEC-SPS,TECVOC,0,0,0,28,4,4,INTRO A LA TEC CALL CENTER    ,RET,Tecnico Universitario,TecVoc Call Center
T61911041 INGLeS I                      ,1,T61911041 ,MASCULINO,CEUTEC-SPS,TECVOC,0,0,0,28,4,4,INGLeS I                      ,RET,Tecnico Universitario,TecVoc Call Center
T61911041 COMUNICACIoN ORAL Y ESCRITA   ,1,T61911041 ,MASCULINO,CEUTEC-SPS,TECVOC,0,0,0,28,4,4,COMUNICACIoN ORAL Y ESCRITA   ,RET,Tecnico Universitario,TecVoc Call Center
T61911041 MATEMaTICA BaSICA             ,1,T61911041 ,MASCULINO,CEUTEC-SPS,TECVOC,0,0,0,28,4,4,MATEMaTICA BaSICA             ,RET,Tecnico Universitario,TecVoc Call Center
T61911065 INTRO A LA TEC CALL CENTER    ,1,T61911065 ,FEMENINO,CEUTEC-SPS,TECVOC,0,0,0,28,4,4,INTRO A LA TEC CALL CENTER    ,RET,Tecnico Universitario,TecVoc Call Center
T61911065 INGLeS I                      ,1,T61911065 ,FEMENINO,CEUTEC-SPS,TECVOC,0,0,0,28,4,4,INGLeS I                      ,RET,Tecnico Universitario,TecVoc Call Center
T61911065 COMUNICACIoN ORAL Y ESCRITA   ,1,T61911065 ,FEMENINO,CEUTEC-SPS,TECVOC,0,0,0,28,4,4,COMUNICACIoN ORAL Y ESCRITA   ,RET,Tecnico Universitario,TecVoc Call Center
T61911065 MATEMaTICA BaSICA             ,1,T61911065 ,FEMENINO,CEUTEC-SPS,TECVOC,0,0,0,28,4,4,MATEMaTICA BaSICA             ,RET,Tecnico Universitario,TecVoc Call Center
T61841066 COMUNICACIoN ORAL Y ESCRITA   ,1,T61841066 ,MASCULINO,CEUTEC-SPS,TECVOC,67.33,67.33,2,27,2,2,COMUNICACIoN ORAL Y ESCRITA   ,SD,Tecnico Universitario,TecVoc Redes (Especial)
T61841066 INTRODUCCIoN AL aLGEBRA       ,1,T61841066 ,MASCULINO,CEUTEC-SPS,TECVOC,67.33,67.33,2,27,2,2,INTRODUCCIoN AL aLGEBRA       ,SD,Tecnico Universitario,TecVoc Redes (Especial)
T61911025 INTRO A LA TEC CALL CENTER    ,1,T61911025 ,MASCULINO,CEUTEC-SPS,TECVOC,0,0,0,28,3,3,INTRO A LA TEC CALL CENTER    ,SD,Tecnico Universitario,TecVoc Call Center Flexible
T61911025 INGLeS I                      ,1,T61911025 ,MASCULINO,CEUTEC-SPS,TECVOC,0,0,0,28,3,3,INGLeS I                      ,SD,Tecnico Universitario,TecVoc Call Center Flexible
T61911025 COMUNICACIoN ORAL Y ESCRITA   ,1,T61911025 ,MASCULINO,CEUTEC-SPS,TECVOC,0,0,0,28,3,3,COMUNICACIoN ORAL Y ESCRITA   ,SD,Tecnico Universitario,TecVoc Call Center Flexible
B31851012 ORIENTACIoN VOCACIONAL        ,1,B31851012 ,MASCULINO,CEUTEC-TGU,BACHILLERATO,0,0,0,46,10,10,ORIENTACIoN VOCACIONAL        ,RET,BACHILLERATO,Bachillerato
B31851012 QUiMICA II                    ,1,B31851012 ,MASCULINO,CEUTEC-TGU,BACHILLERATO,0,0,0,46,10,10,QUiMICA II                    ,RET,BACHILLERATO,Bachillerato
B31851012 FiSICA II                     ,1,B31851012 ,MASCULINO,CEUTEC-TGU,BACHILLERATO,0,0,0,46,10,10,FiSICA II                     ,RET,BACHILLERATO,Bachillerato
B31851012 GENERACIoN DE EMPRESAS        ,1,B31851012 ,MASCULINO,CEUTEC-TGU,BACHILLERATO,0,0,0,46,10,10,GENERACIoN DE EMPRESAS        ,RET,BACHILLERATO,Bachillerato
B31851012 HISTORIA DE HONDURAS          ,1,B31851012 ,MASCULINO,CEUTEC-TGU,BACHILLERATO,0,0,0,46,10,10,HISTORIA DE HONDURAS          ,RET,BACHILLERATO,Bachillerato
B31851012 INGLeS II                     ,1,B31851012 ,MASCULINO,CEUTEC-TGU,BACHILLERATO,0,0,0,46,10,10,INGLeS II                     ,RET,BACHILLERATO,Bachillerato
B31851012 LENGUAJE ARTiSTICO            ,1,B31851012 ,MASCULINO,CEUTEC-TGU,BACHILLERATO,0,0,0,46,10,10,LENGUAJE ARTiSTICO            ,RET,BACHILLERATO,Bachillerato
B31851012 MATEMaTICA II                 ,1,B31851012 ,MASCULINO,CEUTEC-TGU,BACHILLERATO,0,0,0,46,10,10,MATEMaTICA II                 ,RET,BACHILLERATO,Bachillerato
B31851012 BIOLOGiA II                   ,1,B31851012 ,MASCULINO,CEUTEC-TGU,BACHILLERATO,0,0,0,46,10,10,BIOLOGiA II                   ,RET,BACHILLERATO,Bachillerato
B31851012 ESPAnOL II                    ,1,B31851012 ,MASCULINO,CEUTEC-TGU,BACHILLERATO,0,0,0,46,10,10,ESPAnOL II                    ,RET,BACHILLERATO,Bachillerato
B31851013 BIOLOGiA II                   ,1,B31851013 ,FEMENINO,CEUTEC-TGU,BACHILLERATO,0,0,0,46,10,10,BIOLOGiA II                   ,RET,BACHILLERATO,Bachillerato
B31851013 ESPAnOL II                    ,1,B31851013 ,FEMENINO,CEUTEC-TGU,BACHILLERATO,0,0,0,46,10,10,ESPAnOL II                    ,RET,BACHILLERATO,Bachillerato
B31851013 FiSICA II                     ,1,B31851013 ,FEMENINO,CEUTEC-TGU,BACHILLERATO,0,0,0,46,10,10,FiSICA II                     ,RET,BACHILLERATO,Bachillerato
B31851013 GENERACIoN DE EMPRESAS        ,1,B31851013 ,FEMENINO,CEUTEC-TGU,BACHILLERATO,0,0,0,46,10,10,GENERACIoN DE EMPRESAS        ,RET,BACHILLERATO,Bachillerato
B31851013 HISTORIA DE HONDURAS          ,1,B31851013 ,FEMENINO,CEUTEC-TGU,BACHILLERATO,0,0,0,46,10,10,HISTORIA DE HONDURAS          ,RET,BACHILLERATO,Bachillerato
B31851013 INGLeS II                     ,1,B31851013 ,FEMENINO,CEUTEC-TGU,BACHILLERATO,0,0,0,46,10,10,INGLeS II                     ,RET,BACHILLERATO,Bachillerato
B31851013 LENGUAJE ARTiSTICO            ,1,B31851013 ,FEMENINO,CEUTEC-TGU,BACHILLERATO,0,0,0,46,10,10,LENGUAJE ARTiSTICO            ,RET,BACHILLERATO,Bachillerato
B31851013 MATEMaTICA II                 ,1,B31851013 ,FEMENINO,CEUTEC-TGU,BACHILLERATO,0,0,0,46,10,10,MATEMaTICA II                 ,RET,BACHILLERATO,Bachillerato
B31851013 ORIENTACIoN VOCACIONAL        ,1,B31851013 ,FEMENINO,CEUTEC-TGU,BACHILLERATO,0,0,0,46,10,10,ORIENTACIoN VOCACIONAL        ,RET,BACHILLERATO,Bachillerato
B31851013 QUiMICA II                    ,1,B31851013 ,FEMENINO,CEUTEC-TGU,BACHILLERATO,0,0,0,46,10,10,QUiMICA II                    ,RET,BACHILLERATO,Bachillerato
30521077  PROGRAMACION III              ,1,30521077,MASCULINO,CEUTEC-TGU,PREGRADO,57.91,76,29,57,2,2,PROGRAMACION III              ,RET,FIA,Ing. Informa.
30521077  ALGEBRA LINEAL                ,1,30521077,MASCULINO,CEUTEC-TGU,PREGRADO,57.91,76,29,57,2,2,ALGEBRA LINEAL                ,RET,FIA,Ing. Informa.
31811619  HISTORIA DE HONDURAS          ,1,31811619,MASCULINO,CEUTEC-TGU,PREGRADO,0,0,0,57,1,1,HISTORIA DE HONDURAS          ,RET,FIA,Ing. Informa. Premier
31851237  ADMINISTRACION II             ,1,31851237,MASCULINO,CEUTEC-TGU,PREGRADO,68.8,69,3,57,2,2,ADMINISTRACION II             ,RET,FIA,Ing. Informa. Premier
31851237  ALGEBRA                       ,1,31851237,MASCULINO,CEUTEC-TGU,PREGRADO,68.8,69,3,57,2,2,ALGEBRA                       ,RET,FIA,Ing. Informa. Premier
31911094  ADMINISTRACIoN I              ,1,31911094,FEMENINO,CEUTEC-TGU,PREGRADO,0,0,0,57,3,3,ADMINISTRACIoN I              ,RET,FIA,Ing. Informa. Premier
31911094  INTRODUCCION A  LA COMPUTA    ,1,31911094,FEMENINO,CEUTEC-TGU,PREGRADO,0,0,0,57,3,3,INTRODUCCION A  LA COMPUTA    ,RET,FIA,Ing. Informa. Premier
31911094  OFIMaTICA AVANZADA            ,1,31911094,FEMENINO,CEUTEC-TGU,PREGRADO,0,0,0,57,3,3,OFIMaTICA AVANZADA            ,RET,FIA,Ing. Informa. Premier
31611663  GEOMETRIA TRIGONOMETRIA       ,1,31611663,MASCULINO,CEUTEC-TGU,PREGRADO,71.64,76,16,62,1,1,GEOMETRIA TRIGONOMETRIA       ,RET,FIA,Ing. Electronica
314111035 INTRODUCCION AL ALGEBRA       ,1,314111035,FEMENINO,CEUTEC-TGU,PREGRADO,49.48,72,7,60,1,1,INTRODUCCION AL ALGEBRA       ,RET,FIA,Ing. Logistica
31711306  ALGEBRA                       ,1,31711306,MASCULINO,CEUTEC-TGU,PREGRADO,68.85,71,21,62,1,1,ALGEBRA                       ,RET,FCAS,Diseno Graf.
31751003  COMPUT. APLIC. AL DISEnO GRAF.,1,31751003,FEMENINO,CEUTEC-TGU,PREGRADO,37.26,74,3,62,3,3,COMPUT. APLIC. AL DISEnO GRAF.,RET,FCAS,Diseno Graf.
31751003  FILOSOFIA                     ,1,31751003,FEMENINO,CEUTEC-TGU,PREGRADO,37.26,74,3,62,3,3,FILOSOFIA                     ,RET,FCAS,Diseno Graf.
31751003  INTRODUCCION AL ALGEBRA       ,1,31751003,FEMENINO,CEUTEC-TGU,PREGRADO,37.26,74,3,62,3,3,INTRODUCCION AL ALGEBRA       ,RET,FCAS,Diseno Graf.
30711338  CONTABILIDAD FINANCIERA II    ,1,30711338,MASCULINO,CEUTEC-TGU,PREGRADO,79.5,79,32,62,3,3,CONTABILIDAD FINANCIERA II    ,RET,FCAS,Contaduria
30711338  MATEMATICA FINANCIERA         ,1,30711338,MASCULINO,CEUTEC-TGU,PREGRADO,79.5,79,32,62,3,3,MATEMATICA FINANCIERA         ,RET,FCAS,Contaduria
30711338  METODOLOGIA INVESTIGAC.       ,1,30711338,MASCULINO,CEUTEC-TGU,PREGRADO,79.5,79,32,62,3,3,METODOLOGIA INVESTIGAC.       ,RET,FCAS,Contaduria
31041157  ADMINISTRACION II             ,1,31041157,MASCULINO,CEUTEC-TGU,PREGRADO,47.95,71,6,62,1,1,ADMINISTRACION II             ,RET,FCAS,Contaduria
31211786  AUDITORIA II                  ,1,31211786,MASCULINO,CEUTEC-TGU,PREGRADO,73.36,75,40,62,3,3,AUDITORIA II                  ,RET,FCAS,Contaduria
31211786  FINANZAS IV                   ,1,31211786,MASCULINO,CEUTEC-TGU,PREGRADO,73.36,75,40,62,3,3,FINANZAS IV                   ,RET,FCAS,Contaduria
31211786  METODOLOGIA INVESTIGAC.       ,1,31211786,MASCULINO,CEUTEC-TGU,PREGRADO,73.36,75,40,62,3,3,METODOLOGIA INVESTIGAC.       ,RET,FCAS,Contaduria
31821519  ESPAnOL                       ,1,31821519,MASCULINO,CEUTEC-TGU,PREGRADO,0,0,0,62,2,2,ESPAnOL                       ,RET,FCAS,Contaduria
31821519  INTRODUCCION AL ALGEBRA       ,1,31821519,MASCULINO,CEUTEC-TGU,PREGRADO,0,0,0,62,2,2,INTRODUCCION AL ALGEBRA       ,RET,FCAS,Contaduria
31851227  ADMINISTRACION II             ,1,31851227,FEMENINO,CEUTEC-TGU,PREGRADO,77.5,78,2,62,2,2,ADMINISTRACION II             ,RET,FCAS,Contaduria
31851227  OFIMATICA I                   ,1,31851227,FEMENINO,CEUTEC-TGU,PREGRADO,77.5,78,2,62,2,2,OFIMATICA I                   ,RET,FCAS,Contaduria
319111079 ADMINISTRACIoN I              ,1,319111079,FEMENINO,CEUTEC-TGU,PREGRADO,0,0,0,62,4,4,ADMINISTRACIoN I              ,RET,FCAS,Contaduria
319111079 ECOLOGIA                      ,1,319111079,FEMENINO,CEUTEC-TGU,PREGRADO,0,0,0,62,4,4,ECOLOGIA                      ,RET,FCAS,Contaduria
319111079 ESPAnOL                       ,1,319111079,FEMENINO,CEUTEC-TGU,PREGRADO,0,0,0,62,4,4,ESPAnOL                       ,RET,FCAS,Contaduria
319111079 INTRODUCCION AL ALGEBRA       ,1,319111079,FEMENINO,CEUTEC-TGU,PREGRADO,0,0,0,62,4,4,INTRODUCCION AL ALGEBRA       ,RET,FCAS,Contaduria
319111090 ADMINISTRACIoN I              ,1,319111090,MASCULINO,CEUTEC-TGU,PREGRADO,0,0,0,62,3,3,ADMINISTRACIoN I              ,RET,FCAS,Contaduria
319111090 CONTABILIDAD FINANCIERA I     ,1,319111090,MASCULINO,CEUTEC-TGU,PREGRADO,0,0,0,62,3,3,CONTABILIDAD FINANCIERA I     ,RET,FCAS,Contaduria
319111090 SOCIOLOGIA                    ,1,319111090,MASCULINO,CEUTEC-TGU,PREGRADO,0,0,0,62,3,3,SOCIOLOGIA                    ,RET,FCAS,Contaduria
31221258  GERENCIA FINANCIERA I         ,1,31221258,FEMENINO,CEUTEC-TGU,PREGRADO,74.4,77,21,59,2,2,GERENCIA FINANCIERA I         ,RET,FCAS,Admon. Empresas
31221258  PLANIFICACION Y PRESUPUESTO   ,1,31221258,FEMENINO,CEUTEC-TGU,PREGRADO,74.4,77,21,59,2,2,PLANIFICACION Y PRESUPUESTO   ,RET,FCAS,Admon. Empresas
31351123  ADMINISTRACION II             ,1,31351123,FEMENINO,CEUTEC-TGU,PREGRADO,61.73,66,8,59,2,2,ADMINISTRACION II             ,RET,FCAS,Admon. Empresas
31351123  ESPAnOL                       ,1,31351123,FEMENINO,CEUTEC-TGU,PREGRADO,61.73,66,8,59,2,2,ESPAnOL                       ,RET,FCAS,Admon. Empresas
31721459  GESTION DEL TALENTO HUMANO I  ,1,31721459,FEMENINO,CEUTEC-TGU,PREGRADO,59.59,67,5,59,1,1,GESTION DEL TALENTO HUMANO I  ,RET,FCAS,Admon. Empresas
31911047  ECOLOGIA                      ,1,31911047,FEMENINO,CEUTEC-TGU,PREGRADO,0,0,0,59,4,4,ECOLOGIA                      ,RET,FCAS,Admon. Empresas
31911047  FILOSOFIA                     ,1,31911047,FEMENINO,CEUTEC-TGU,PREGRADO,0,0,0,59,4,4,FILOSOFIA                     ,RET,FCAS,Admon. Empresas
31911047  HISTORIA DE HONDURAS          ,1,31911047,FEMENINO,CEUTEC-TGU,PREGRADO,0,0,0,59,4,4,HISTORIA DE HONDURAS          ,RET,FCAS,Admon. Empresas
31911047  OFIMATICA I                   ,1,31911047,FEMENINO,CEUTEC-TGU,PREGRADO,0,0,0,59,4,4,OFIMATICA I                   ,RET,FCAS,Admon. Empresas
319111185 ADMINISTRACIoN I              ,1,319111185,FEMENINO,CEUTEC-TGU,PREGRADO,0,0,0,59,2,2,ADMINISTRACIoN I              ,RET,FCAS,Admon. Empresas
319111185 ESPAnOL                       ,1,319111185,FEMENINO,CEUTEC-TGU,PREGRADO,0,0,0,59,2,2,ESPAnOL                       ,RET,FCAS,Admon. Empresas
31811280  ADMINISTRACION II             ,1,31811280,MASCULINO,CEUTEC-TGU,PREGRADO,58.71,60,3,61,5,5,ADMINISTRACION II             ,RET,FCAS,RRHH
31811280  PREP. PARA EL TOEFL (ING. AV) ,1,31811280,MASCULINO,CEUTEC-TGU,PREGRADO,58.71,60,3,61,5,5,PREP. PARA EL TOEFL (ING. AV) ,RET,FCAS,RRHH
31811280  ALGEBRA                       ,1,31811280,MASCULINO,CEUTEC-TGU,PREGRADO,58.71,60,3,61,5,5,ALGEBRA                       ,RET,FCAS,RRHH
31811280  PSICOLOGIA GENERAL            ,1,31811280,MASCULINO,CEUTEC-TGU,PREGRADO,58.71,60,3,61,5,5,PSICOLOGIA GENERAL            ,RET,FCAS,RRHH
31811280  ETICA PROFESIONAL             ,1,31811280,MASCULINO,CEUTEC-TGU,PREGRADO,58.71,60,3,61,5,5,ETICA PROFESIONAL             ,RET,FCAS,RRHH
31851140  ANALISIS CONTABLE I           ,1,31851140,MASCULINO,CEUTEC-TGU,PREGRADO,79.57,80,9,61,2,2,ANALISIS CONTABLE I           ,RET,FCAS,RRHH
31851140  GER.RECURSOS HUMANOS I        ,1,31851140,MASCULINO,CEUTEC-TGU,PREGRADO,79.57,80,9,61,2,2,GER.RECURSOS HUMANOS I        ,RET,FCAS,RRHH
31911762  ADMINISTRACIoN I              ,1,31911762,FEMENINO,CEUTEC-TGU,PREGRADO,0,0,0,61,2,2,ADMINISTRACIoN I              ,RET,FCAS,RRHH
31911762  PSICOLOGIA GENERAL            ,1,31911762,FEMENINO,CEUTEC-TGU,PREGRADO,0,0,0,61,2,2,PSICOLOGIA GENERAL            ,RET,FCAS,RRHH
31651172  PUBLICIDAD                    ,1,31651172,MASCULINO,CEUTEC-TGU,PREGRADO,74.84,79,26,57,2,2,PUBLICIDAD                    ,RET,FCAS,Mercadotecnia
31651172  INVEST. DE MERCADOS II        ,1,31651172,MASCULINO,CEUTEC-TGU,PREGRADO,74.84,79,26,57,2,2,INVEST. DE MERCADOS II        ,RET,FCAS,Mercadotecnia
31711421  FOTOGRAFIA                    ,1,31711421,FEMENINO,CEUTEC-TGU,PREGRADO,64.22,72,16,57,2,2,FOTOGRAFIA                    ,RET,FCAS,Mercadotecnia
31711421  ANALISIS CONTABLE II          ,1,31711421,FEMENINO,CEUTEC-TGU,PREGRADO,64.22,72,16,57,2,2,ANALISIS CONTABLE II          ,RET,FCAS,Mercadotecnia
31841410  DERECHO EMPRESARIAL           ,1,31841410,MASCULINO,CEUTEC-TGU,PREGRADO,73.07,73,8,57,4,4,DERECHO EMPRESARIAL           ,RET,FCAS,Mercadotecnia
31841410  MACROECONOMIA                 ,1,31841410,MASCULINO,CEUTEC-TGU,PREGRADO,73.07,73,8,57,4,4,MACROECONOMIA                 ,RET,FCAS,Mercadotecnia
31841410  ESTADISTICA I                 ,1,31841410,MASCULINO,CEUTEC-TGU,PREGRADO,73.07,73,8,57,4,4,ESTADISTICA I                 ,RET,FCAS,Mercadotecnia
31841410  MERCADOTECNIA I               ,1,31841410,MASCULINO,CEUTEC-TGU,PREGRADO,73.07,73,8,57,4,4,MERCADOTECNIA I               ,RET,FCAS,Mercadotecnia
31911805  FOTOGRAFIA                    ,1,31911805,FEMENINO,CEUTEC-TGU,PREGRADO,0,0,0,57,4,4,FOTOGRAFIA                    ,RET,FCAS,Mercadotecnia
31911805  INTRODUCCION AL ALGEBRA       ,1,31911805,FEMENINO,CEUTEC-TGU,PREGRADO,0,0,0,57,4,4,INTRODUCCION AL ALGEBRA       ,RET,FCAS,Mercadotecnia
31911805  INTRODUCCIoN A MERCADOTECNIA  ,1,31911805,FEMENINO,CEUTEC-TGU,PREGRADO,0,0,0,57,4,4,INTRODUCCIoN A MERCADOTECNIA  ,RET,FCAS,Mercadotecnia
31911805  SOCIOLOGIA                    ,1,31911805,FEMENINO,CEUTEC-TGU,PREGRADO,0,0,0,57,4,4,SOCIOLOGIA                    ,RET,FCAS,Mercadotecnia
31911827  ADMINISTRACIoN I              ,1,31911827,FEMENINO,CEUTEC-TGU,PREGRADO,0,0,0,57,2,2,ADMINISTRACIoN I              ,RET,FCAS,Mercadotecnia
31911827  FILOSOFIA                     ,1,31911827,FEMENINO,CEUTEC-TGU,PREGRADO,0,0,0,57,2,2,FILOSOFIA                     ,RET,FCAS,Mercadotecnia
30711206  INGLES I                      ,1,30711206,MASCULINO,CEUTEC-TGU,PREGRADO,60.33,74,19,63,1,1,INGLES I                      ,RET,FCAS,Mercadotecnia
31721350  GERENCIA FINANCIERA I         ,1,31721350,FEMENINO,CEUTEC-TGU,PREGRADO,83.43,83,24,63,1,1,GERENCIA FINANCIERA I         ,RET,FCAS,Mercadotecnia
31911626  ADMINISTRACIoN I              ,1,31911626,MASCULINO,CEUTEC-TGU,PREGRADO,0,0,0,57,3,3,ADMINISTRACIoN I              ,RET,FCAS,Mercadotecnia Premier
31911626  COMUNICACIoN ORAL Y ESCRITA   ,1,31911626,MASCULINO,CEUTEC-TGU,PREGRADO,0,0,0,57,3,3,COMUNICACIoN ORAL Y ESCRITA   ,RET,FCAS,Mercadotecnia Premier
31911626  INTRODUCCION AL ALGEBRA       ,1,31911626,MASCULINO,CEUTEC-TGU,PREGRADO,0,0,0,57,3,3,INTRODUCCION AL ALGEBRA       ,RET,FCAS,Mercadotecnia Premier
31841246  ORATORIA Y DEBATES            ,1,31841246,FEMENINO,CEUTEC-TGU,PREGRADO,72,72,12,68,3,3,ORATORIA Y DEBATES            ,RET,FCAS,Derecho
31841246  DERECHO ADMINISTRATIVO I      ,1,31841246,FEMENINO,CEUTEC-TGU,PREGRADO,72,72,12,68,3,3,DERECHO ADMINISTRATIVO I      ,RET,FCAS,Derecho
31841246  DERECHO INDIVIDUAL DEL TRABAJO,1,31841246,FEMENINO,CEUTEC-TGU,PREGRADO,72,72,12,68,3,3,DERECHO INDIVIDUAL DEL TRABAJO,RET,FCAS,Derecho
31911374  ADMINISTRACIoN I              ,1,31911374,MASCULINO,CEUTEC-TGU,PREGRADO,0,0,0,68,4,4,ADMINISTRACIoN I              ,RET,FCAS,Derecho
31911374  INTRO. AL ESTUDIO DEL DERECHO ,1,31911374,MASCULINO,CEUTEC-TGU,PREGRADO,0,0,0,68,4,4,INTRO. AL ESTUDIO DEL DERECHO ,RET,FCAS,Derecho
31911374  DERECHO ROMANO                ,1,31911374,MASCULINO,CEUTEC-TGU,PREGRADO,0,0,0,68,4,4,DERECHO ROMANO                ,RET,FCAS,Derecho
31911374  TEORIA GENERAL DEL ESTADO     ,1,31911374,MASCULINO,CEUTEC-TGU,PREGRADO,0,0,0,68,4,4,TEORIA GENERAL DEL ESTADO     ,RET,FCAS,Derecho
11541127  DERECHO MERCANTIL I           ,1,11541127,FEMENINO,CEUTEC-TGU,PREGRADO,57.5,79,24,68,1,1,DERECHO MERCANTIL I           ,RET,FCAS,Derecho
31811327  DERECHO CONSTITUCIONAL        ,1,31811327,MASCULINO,CEUTEC-TGU,PREGRADO,64.67,75,5,68,1,1,DERECHO CONSTITUCIONAL        ,RET,FCAS,Derecho
31911575  ADMINISTRACIoN I              ,1,31911575,FEMENINO,CEUTEC-TGU,PREGRADO,0,0,0,64,2,2,ADMINISTRACIoN I              ,RET,FCAS,Psicologia
31911575  OFIMATICA I                   ,1,31911575,FEMENINO,CEUTEC-TGU,PREGRADO,0,0,0,64,2,2,OFIMATICA I                   ,RET,FCAS,Psicologia
31911576  ADMINISTRACIoN I              ,1,31911576,FEMENINO,CEUTEC-TGU,PREGRADO,0,0,0,64,2,2,ADMINISTRACIoN I              ,RET,FCAS,Psicologia
31911576  OFIMATICA I                   ,1,31911576,FEMENINO,CEUTEC-TGU,PREGRADO,0,0,0,64,2,2,OFIMATICA I                   ,RET,FCAS,Psicologia
31911522  ADMINISTRACIoN I              ,1,31911522,MASCULINO,CEUTEC-TGU,PREGRADO,0,0,0,57,4,4,ADMINISTRACIoN I              ,RET,FCAS,Admon. Empresas Premier
31911522  OFIMaTICA AVANZADA            ,1,31911522,MASCULINO,CEUTEC-TGU,PREGRADO,0,0,0,57,4,4,OFIMaTICA AVANZADA            ,RET,FCAS,Admon. Empresas Premier
31911522  INTRODUCCION AL ALGEBRA       ,1,31911522,MASCULINO,CEUTEC-TGU,PREGRADO,0,0,0,57,4,4,INTRODUCCION AL ALGEBRA       ,RET,FCAS,Admon. Empresas Premier
31911522  SOCIOLOGIA                    ,1,31911522,MASCULINO,CEUTEC-TGU,PREGRADO,0,0,0,57,4,4,SOCIOLOGIA                    ,RET,FCAS,Admon. Empresas Premier
51851066  ADMINISTRACIoN I              ,1,51851066,FEMENINO,CEUTEC-TGU,PREGRADO,0,0,0,57,2,2,ADMINISTRACIoN I              ,RET,FCAS,Admon. Empresas Premier
51851066  INTRODUCCION AL ALGEBRA       ,1,51851066,FEMENINO,CEUTEC-TGU,PREGRADO,0,0,0,57,2,2,INTRODUCCION AL ALGEBRA       ,RET,FCAS,Admon. Empresas Premier
311111382 ADMINISTRACION II             ,1,311111382,MASCULINO,CEUTEC-TGU,PREGRADO,58.18,68,8,30,2,2,ADMINISTRACION II             ,RET,FCAS,Tecnico Admon
311111382 OFIMATICA II                  ,1,311111382,MASCULINO,CEUTEC-TGU,PREGRADO,58.18,68,8,30,2,2,OFIMATICA II                  ,RET,FCAS,Tecnico Admon
31911931  ADMINISTRACIoN I              ,1,31911931,FEMENINO,CEUTEC-TGU,PREGRADO,0,0,0,30,2,2,ADMINISTRACIoN I              ,RET,FCAS,Tecnico Admon
31911931  INTRODUCCION AL ALGEBRA       ,1,31911931,FEMENINO,CEUTEC-TGU,PREGRADO,0,0,0,30,2,2,INTRODUCCION AL ALGEBRA       ,RET,FCAS,Tecnico Admon
30641276  ESPAnOL                       ,1,30641276,MASCULINO,CEUTEC-TGU,PREGRADO,58.43,72,10,29,2,2,ESPAnOL                       ,RET,FIA,Tecnico Sist. Inf.
30641276  ALGEBRA                       ,1,30641276,MASCULINO,CEUTEC-TGU,PREGRADO,58.43,72,10,29,2,2,ALGEBRA                       ,RET,FIA,Tecnico Sist. Inf.
31911161  SOCIOLOGIA                    ,1,31911161,MASCULINO,CEUTEC-TGU,PREGRADO,0,0,0,36,4,4,SOCIOLOGIA                    ,RET,FCAS,Tecnico Dis. Graf.
31911161  ADMINISTRACIoN I              ,1,31911161,MASCULINO,CEUTEC-TGU,PREGRADO,0,0,0,36,4,4,ADMINISTRACIoN I              ,RET,FCAS,Tecnico Dis. Graf.
31911161  ESPAnOL                       ,1,31911161,MASCULINO,CEUTEC-TGU,PREGRADO,0,0,0,36,4,4,ESPAnOL                       ,RET,FCAS,Tecnico Dis. Graf.
31911161  OFIMATICA I                   ,1,31911161,MASCULINO,CEUTEC-TGU,PREGRADO,0,0,0,36,4,4,OFIMATICA I                   ,RET,FCAS,Tecnico Dis. Graf.
T31811170 ATENCIoN ADULTO Y A. MAYOR    ,1,T31811170 ,FEMENINO,CEUTEC-TGU,TECVOC,74.05,74,15,28,3,3,ATENCIoN ADULTO Y A. MAYOR    ,RET,Tecnico Universitario,Tecnico en Enfermeria
T31811170 PRIMEROS AUXILIOS             ,1,T31811170 ,FEMENINO,CEUTEC-TGU,TECVOC,74.05,74,15,28,3,3,PRIMEROS AUXILIOS             ,RET,Tecnico Universitario,Tecnico en Enfermeria
T31811170 SALUD PuBLICA                 ,1,T31811170 ,FEMENINO,CEUTEC-TGU,TECVOC,74.05,74,15,28,3,3,SALUD PuBLICA                 ,RET,Tecnico Universitario,Tecnico en Enfermeria
T31851091 QUiMICA PARA ENFERMERiA       ,1,T31851091 ,FEMENINO,CEUTEC-TGU,TECVOC,0,0,0,28,4,4,QUiMICA PARA ENFERMERiA       ,RET,Tecnico Universitario,Tecnico en Enfermeria
T31851091 PROCESOS BIOLoGICOS           ,1,T31851091 ,FEMENINO,CEUTEC-TGU,TECVOC,0,0,0,28,4,4,PROCESOS BIOLoGICOS           ,RET,Tecnico Universitario,Tecnico en Enfermeria
T31851091 MATEMaTICA BaSICA             ,1,T31851091 ,FEMENINO,CEUTEC-TGU,TECVOC,0,0,0,28,4,4,MATEMaTICA BaSICA             ,RET,Tecnico Universitario,Tecnico en Enfermeria
T31851091 FUNDAMENTOS Y TEC. B. ENFERM I,1,T31851091 ,FEMENINO,CEUTEC-TGU,TECVOC,0,0,0,28,4,4,FUNDAMENTOS Y TEC. B. ENFERM I,RET,Tecnico Universitario,Tecnico en Enfermeria
T31911035 FUNDAMENTOS Y TEC. B. ENFERM I,1,T31911035 ,FEMENINO,CEUTEC-TGU,TECVOC,0,0,0,28,4,4,FUNDAMENTOS Y TEC. B. ENFERM I,RET,Tecnico Universitario,Tecnico en Enfermeria
T31911035 QUiMICA PARA ENFERMERiA       ,1,T31911035 ,FEMENINO,CEUTEC-TGU,TECVOC,0,0,0,28,4,4,QUiMICA PARA ENFERMERiA       ,RET,Tecnico Universitario,Tecnico en Enfermeria
T31911035 PROCESOS BIOLoGICOS           ,1,T31911035 ,FEMENINO,CEUTEC-TGU,TECVOC,0,0,0,28,4,4,PROCESOS BIOLoGICOS           ,RET,Tecnico Universitario,Tecnico en Enfermeria
T31911035 MATEMaTICA BaSICA             ,1,T31911035 ,FEMENINO,CEUTEC-TGU,TECVOC,0,0,0,28,4,4,MATEMaTICA BaSICA             ,RET,Tecnico Universitario,Tecnico en Enfermeria
T31911204 MATEMaTICA BaSICA             ,1,T31911204 ,FEMENINO,CEUTEC-TGU,TECVOC,0,0,0,28,4,4,MATEMaTICA BaSICA             ,RET,Tecnico Universitario,Tecnico en Enfermeria
T31911204 FUNDAMENTOS Y TEC. B. ENFERM I,1,T31911204 ,FEMENINO,CEUTEC-TGU,TECVOC,0,0,0,28,4,4,FUNDAMENTOS Y TEC. B. ENFERM I,RET,Tecnico Universitario,Tecnico en Enfermeria
T31911204 QUiMICA PARA ENFERMERiA       ,1,T31911204 ,FEMENINO,CEUTEC-TGU,TECVOC,0,0,0,28,4,4,QUiMICA PARA ENFERMERiA       ,RET,Tecnico Universitario,Tecnico en Enfermeria
T31911204 PROCESOS BIOLoGICOS           ,1,T31911204 ,FEMENINO,CEUTEC-TGU,TECVOC,0,0,0,28,4,4,PROCESOS BIOLoGICOS           ,RET,Tecnico Universitario,Tecnico en Enfermeria
T31911226 FUNDAMENTOS Y TEC. B. ENFERM I,1,T31911226 ,FEMENINO,CEUTEC-TGU,TECVOC,0,0,0,28,3,3,FUNDAMENTOS Y TEC. B. ENFERM I,RET,Tecnico Universitario,Tecnico en Enfermeria
T31911226 QUiMICA PARA ENFERMERiA       ,1,T31911226 ,FEMENINO,CEUTEC-TGU,TECVOC,0,0,0,28,3,3,QUiMICA PARA ENFERMERiA       ,RET,Tecnico Universitario,Tecnico en Enfermeria
T31911226 PROCESOS BIOLoGICOS           ,1,T31911226 ,FEMENINO,CEUTEC-TGU,TECVOC,0,0,0,28,3,3,PROCESOS BIOLoGICOS           ,RET,Tecnico Universitario,Tecnico en Enfermeria
T31821090 FUNDAMENTO BASE DE DATOS      ,1,T31821090 ,MASCULINO,CEUTEC-TGU,TECVOC,78.58,78.58,5,27,2,2,FUNDAMENTO BASE DE DATOS      ,SD,Tecnico Universitario,TecVoc Redes
T31821090 REDES II                      ,1,T31821090 ,MASCULINO,CEUTEC-TGU,TECVOC,78.58,78.58,5,27,2,2,REDES II                      ,SD,Tecnico Universitario,TecVoc Redes
T31851055 COMUNICACIoN ORAL Y ESCRITA   ,1,T31851055 ,MASCULINO,CEUTEC-TGU,TECVOC,0,0,0,29,4,4,COMUNICACIoN ORAL Y ESCRITA   ,RET,Tecnico Universitario,TecVoc Obras Civiles
T31851055 MATEMaTICA APLICADA           ,1,T31851055 ,MASCULINO,CEUTEC-TGU,TECVOC,0,0,0,29,4,4,MATEMaTICA APLICADA           ,RET,Tecnico Universitario,TecVoc Obras Civiles
T31851055 TALLER DE DIBUJO TeCNICO I    ,1,T31851055 ,MASCULINO,CEUTEC-TGU,TECVOC,0,0,0,29,4,4,TALLER DE DIBUJO TeCNICO I    ,RET,Tecnico Universitario,TecVoc Obras Civiles
T31851055 CONCEPTOS GEOMeTRICOS         ,1,T31851055 ,MASCULINO,CEUTEC-TGU,TECVOC,0,0,0,29,4,4,CONCEPTOS GEOMeTRICOS         ,RET,Tecnico Universitario,TecVoc Obras Civiles
T31821103 INGLeS IV                     ,1,T31821103 ,FEMENINO,CEUTEC-TGU,TECVOC,95.39,95,12,28,4,4,INGLeS IV                     ,RET,Tecnico Universitario,TecVoc Call Center
T31821103 AUDIO TYPING                  ,1,T31821103 ,FEMENINO,CEUTEC-TGU,TECVOC,95.39,95,12,28,4,4,AUDIO TYPING                  ,RET,Tecnico Universitario,TecVoc Call Center
T31821103 TALLER INTELIGENCIA EMOCIONAL ,1,T31821103 ,FEMENINO,CEUTEC-TGU,TECVOC,95.39,95,12,28,4,4,TALLER INTELIGENCIA EMOCIONAL ,RET,Tecnico Universitario,TecVoc Call Center
T31821103 TALLER DE ATENCIoN AL CLIENTE ,1,T31821103 ,FEMENINO,CEUTEC-TGU,TECVOC,95.39,95,12,28,4,4,TALLER DE ATENCIoN AL CLIENTE ,RET,Tecnico Universitario,TecVoc Call Center
T31841020 TALLER DE PRONUNCIACIoN       ,1,T31841020 ,FEMENINO,CEUTEC-TGU,TECVOC,63.78,72,4,28,3,3,TALLER DE PRONUNCIACIoN       ,RET,Tecnico Universitario,TecVoc Call Center
T31841020 INGLeS II                     ,1,T31841020 ,FEMENINO,CEUTEC-TGU,TECVOC,63.78,72,4,28,3,3,INGLeS II                     ,RET,Tecnico Universitario,TecVoc Call Center
T31841020 SEGURIDAD E HIGIENE TRABAJO   ,1,T31841020 ,FEMENINO,CEUTEC-TGU,TECVOC,63.78,72,4,28,3,3,SEGURIDAD E HIGIENE TRABAJO   ,RET,Tecnico Universitario,TecVoc Call Center
T31911242 INTRO A LA TEC CALL CENTER    ,1,T31911242 ,FEMENINO,CEUTEC-TGU,TECVOC,0,0,0,28,4,4,INTRO A LA TEC CALL CENTER    ,RET,Tecnico Universitario,TecVoc Call Center
T31911242 INGLeS I                      ,1,T31911242 ,FEMENINO,CEUTEC-TGU,TECVOC,0,0,0,28,4,4,INGLeS I                      ,RET,Tecnico Universitario,TecVoc Call Center
T31911242 COMUNICACIoN ORAL Y ESCRITA   ,1,T31911242 ,FEMENINO,CEUTEC-TGU,TECVOC,0,0,0,28,4,4,COMUNICACIoN ORAL Y ESCRITA   ,RET,Tecnico Universitario,TecVoc Call Center
T31911242 MATEMaTICA BaSICA             ,1,T31911242 ,FEMENINO,CEUTEC-TGU,TECVOC,0,0,0,28,4,4,MATEMaTICA BaSICA             ,RET,Tecnico Universitario,TecVoc Call Center
T31911010 INTRO A LA TEC CALL CENTER    ,1,T31911010 ,FEMENINO,CEUTEC-TGU,TECVOC,0,0,0,28,3,3,INTRO A LA TEC CALL CENTER    ,RET,Tecnico Universitario,TecVoc Call Center Flexible
T31911010 INGLeS I                      ,1,T31911010 ,FEMENINO,CEUTEC-TGU,TECVOC,0,0,0,28,3,3,INGLeS I                      ,RET,Tecnico Universitario,TecVoc Call Center Flexible
T31911010 COMUNICACIoN ORAL Y ESCRITA   ,1,T31911010 ,FEMENINO,CEUTEC-TGU,TECVOC,0,0,0,28,3,3,COMUNICACIoN ORAL Y ESCRITA   ,RET,Tecnico Universitario,TecVoc Call Center Flexible
