ID,CUENTA,SEXO,CAMPUS,NIVEL,INDICE GENERAL,INDICE GRADUACION,CLASES APROBADAS,CLASES PLAN,CLASES MATRICULADAS,CLASES RET SD,NOMBRE MATERIA,ESTADO,FACULTAD/AREA,NombreCarrera
41741051  CÁLCULO II                    ,41741051  ,MASCULINO,CEUTEC-LCE,PREGRADO,70.60,74.00,22.00,56.00,1,1,CÁLCULO II                    ,RET,FIA,Ing. Informa.
41811123  ECOLOGIA                      ,41811123  ,FEMENINO,CEUTEC-LCE,PREGRADO,45.66,69.00,4.00,56.00,4,4,ECOLOGIA                      ,RET,FIA,Ing. Informa.
41811123  FUTBOL                        ,41811123  ,FEMENINO,CEUTEC-LCE,PREGRADO,45.66,69.00,4.00,56.00,4,4,FUTBOL                        ,RET,FIA,Ing. Informa.
41811123  ALGEBRA                       ,41811123  ,FEMENINO,CEUTEC-LCE,PREGRADO,45.66,69.00,4.00,56.00,4,4,ALGEBRA                       ,RET,FIA,Ing. Informa.
41811123  SOCIOLOGIA                    ,41811123  ,FEMENINO,CEUTEC-LCE,PREGRADO,45.66,69.00,4.00,56.00,4,4,SOCIOLOGIA                    ,RET,FIA,Ing. Informa.
41911057  COMUNICACIÓN ORAL Y ESCRITA   ,41911057  ,FEMENINO,CEUTEC-LCE,PREGRADO,0.00,0.00,0.00,58.00,3,3,COMUNICACIÓN ORAL Y ESCRITA   ,RET,FCAS,Turismo
41911057  HISTORIA DE HONDURAS          ,41911057  ,FEMENINO,CEUTEC-LCE,PREGRADO,0.00,0.00,0.00,58.00,3,3,HISTORIA DE HONDURAS          ,RET,FCAS,Turismo
41911057  OFIMÁTICA AVANZADA            ,41911057  ,FEMENINO,CEUTEC-LCE,PREGRADO,0.00,0.00,0.00,58.00,3,3,OFIMÁTICA AVANZADA            ,RET,FCAS,Turismo
41851021  INGLES I                      ,41851021  ,FEMENINO,CEUTEC-LCE,PREGRADO,90.43,90.00,2.00,60.00,2,2,INGLES I                      ,RET,FCAS,Diseño Gráf.
41851021  OFIMATICA I                   ,41851021  ,FEMENINO,CEUTEC-LCE,PREGRADO,90.43,90.00,2.00,60.00,2,2,OFIMATICA I                   ,RET,FCAS,Diseño Gráf.
41441031  ALGEBRA                       ,41441031  ,FEMENINO,CEUTEC-LCE,PREGRADO,74.45,84.00,6.00,57.00,2,2,ALGEBRA                       ,RET,FCAS,Admon. Empresas
41441031  INGLES I                      ,41441031  ,FEMENINO,CEUTEC-LCE,PREGRADO,74.45,84.00,6.00,57.00,2,2,INGLES I                      ,RET,FCAS,Admon. Empresas
41821097  INGLES I                      ,41821097  ,MASCULINO,CEUTEC-LCE,PREGRADO,89.41,89.00,7.00,57.00,2,2,INGLES I                      ,RET,FCAS,Admon. Empresas
41821097  ALGEBRA                       ,41821097  ,MASCULINO,CEUTEC-LCE,PREGRADO,89.41,89.00,7.00,57.00,2,2,ALGEBRA                       ,RET,FCAS,Admon. Empresas
41911003  ADMINISTRACION I              ,41911003  ,FEMENINO,CEUTEC-LCE,PREGRADO,0.00,0.00,0.00,57.00,2,2,ADMINISTRACION I              ,RET,FCAS,Admon. Empresas
41911003  ESPAÑOL                       ,41911003  ,FEMENINO,CEUTEC-LCE,PREGRADO,0.00,0.00,0.00,57.00,2,2,ESPAÑOL                       ,RET,FCAS,Admon. Empresas
41911104  INTRODUCCION AL ALGEBRA       ,41911104  ,MASCULINO,CEUTEC-LCE,PREGRADO,0.00,0.00,0.00,57.00,1,1,INTRODUCCION AL ALGEBRA       ,RET,FCAS,Admon. Empresas
41911214  ESPAÑOL                       ,41911214  ,MASCULINO,CEUTEC-LCE,PREGRADO,0.00,0.00,0.00,57.00,3,3,ESPAÑOL                       ,RET,FCAS,Admon. Empresas
41911214  OFIMATICA I                   ,41911214  ,MASCULINO,CEUTEC-LCE,PREGRADO,0.00,0.00,0.00,57.00,3,3,OFIMATICA I                   ,RET,FCAS,Admon. Empresas
41911214  INTRODUCCION AL ALGEBRA       ,41911214  ,MASCULINO,CEUTEC-LCE,PREGRADO,0.00,0.00,0.00,57.00,3,3,INTRODUCCION AL ALGEBRA       ,RET,FCAS,Admon. Empresas
51811116  OFIMATICA II                  ,51811116  ,FEMENINO,CEUTEC-LCE,PREGRADO,62.24,69.00,10.00,57.00,3,3,OFIMATICA II                  ,RET,FCAS,Admon. Empresas
51811116  INTRODUCCION AL ALGEBRA       ,51811116  ,FEMENINO,CEUTEC-LCE,PREGRADO,62.24,69.00,10.00,57.00,3,3,INTRODUCCION AL ALGEBRA       ,RET,FCAS,Admon. Empresas
51811116  GESTION DEL TALENTO HUMANO II ,51811116  ,FEMENINO,CEUTEC-LCE,PREGRADO,62.24,69.00,10.00,57.00,3,3,GESTION DEL TALENTO HUMANO II ,RET,FCAS,Admon. Empresas
41321034  INGLES VI                     ,41321034  ,FEMENINO,CEUTEC-LCE,PREGRADO,73.92,75.00,31.00,59.00,3,3,INGLES VI                     ,RET,FCAS,RRHH
41321034  ESTADISTICA I                 ,41321034  ,FEMENINO,CEUTEC-LCE,PREGRADO,73.92,75.00,31.00,59.00,3,3,ESTADISTICA I                 ,RET,FCAS,RRHH
41321034  NEGOCIACIÓN                   ,41321034  ,FEMENINO,CEUTEC-LCE,PREGRADO,73.92,75.00,31.00,59.00,3,3,NEGOCIACIÓN                   ,RET,FCAS,RRHH
41911014  HISTORIA DE HONDURAS          ,41911014  ,FEMENINO,CEUTEC-LCE,PREGRADO,0.00,0.00,0.00,55.00,2,2,HISTORIA DE HONDURAS          ,RET,FCAS,Mercadotecnia
41911014  INTRODUCCION A MERCADOTECNIA  ,41911014  ,FEMENINO,CEUTEC-LCE,PREGRADO,0.00,0.00,0.00,55.00,2,2,INTRODUCCION A MERCADOTECNIA  ,RET,FCAS,Mercadotecnia
41811209  SOCIOLOGIA                    ,41811209  ,FEMENINO,CEUTEC-LCE,PREGRADO,65.48,73.00,4.00,63.00,2,2,SOCIOLOGIA                    ,RET,FCAS,Mercadotecnia
41811209  ETICA PROFESIONAL             ,41811209  ,FEMENINO,CEUTEC-LCE,PREGRADO,65.48,73.00,4.00,63.00,2,2,ETICA PROFESIONAL             ,RET,FCAS,Mercadotecnia
41611123  ADMINISTRACION I              ,41611123  ,FEMENINO,CEUTEC-LCE,PREGRADO,61.38,69.00,9.00,66.00,4,4,ADMINISTRACION I              ,RET,FCAS,Derecho
41611123  DERECHO CONSTITUCIONAL        ,41611123  ,FEMENINO,CEUTEC-LCE,PREGRADO,61.38,69.00,9.00,66.00,4,4,DERECHO CONSTITUCIONAL        ,RET,FCAS,Derecho
41611123  DERECHO DE SUCESIONES         ,41611123  ,FEMENINO,CEUTEC-LCE,PREGRADO,61.38,69.00,9.00,66.00,4,4,DERECHO DE SUCESIONES         ,RET,FCAS,Derecho
41611123  SOCIOLOGIA                    ,41611123  ,FEMENINO,CEUTEC-LCE,PREGRADO,61.38,69.00,9.00,66.00,4,4,SOCIOLOGIA                    ,RET,FCAS,Derecho
41911095  INTRO. AL ESTUDIO DEL DERECHO ,41911095  ,MASCULINO,CEUTEC-LCE,PREGRADO,0.00,0.00,0.00,66.00,2,2,INTRO. AL ESTUDIO DEL DERECHO ,RET,FCAS,Derecho
41911095  FILOSOFIA                     ,41911095  ,MASCULINO,CEUTEC-LCE,PREGRADO,0.00,0.00,0.00,66.00,2,2,FILOSOFIA                     ,RET,FCAS,Derecho
41911256  ECOLOGIA                      ,41911256  ,FEMENINO,CEUTEC-LCE,PREGRADO,0.00,0.00,0.00,66.00,4,4,ECOLOGIA                      ,RET,FCAS,Derecho
41911256  INTRO. AL ESTUDIO DEL DERECHO ,41911256  ,FEMENINO,CEUTEC-LCE,PREGRADO,0.00,0.00,0.00,66.00,4,4,INTRO. AL ESTUDIO DEL DERECHO ,RET,FCAS,Derecho
41911256  DERECHO ROMANO                ,41911256  ,FEMENINO,CEUTEC-LCE,PREGRADO,0.00,0.00,0.00,66.00,4,4,DERECHO ROMANO                ,RET,FCAS,Derecho
41911256  SOCIOLOGIA                    ,41911256  ,FEMENINO,CEUTEC-LCE,PREGRADO,0.00,0.00,0.00,66.00,4,4,SOCIOLOGIA                    ,RET,FCAS,Derecho
41851020  INTRODUCCION AL ALGEBRA       ,41851020  ,FEMENINO,CEUTEC-LCE,PREGRADO,58.89,60.00,2.00,62.00,2,2,INTRODUCCION AL ALGEBRA       ,RET,FCAS,Psicología
41851020  INTRODUCCIÓN A LA PSICOLOGÍA  ,41851020  ,FEMENINO,CEUTEC-LCE,PREGRADO,58.89,60.00,2.00,62.00,2,2,INTRODUCCIÓN A LA PSICOLOGÍA  ,RET,FCAS,Psicología
41311334  ESPAÑOL                       ,41311334  ,FEMENINO,CEUTEC-LCE,PREGRADO,59.55,77.00,7.00,62.00,2,2,ESPAÑOL                       ,RET,FCAS,Psicología
41311334  OFIMATICA I                   ,41311334  ,FEMENINO,CEUTEC-LCE,PREGRADO,59.55,77.00,7.00,62.00,2,2,OFIMATICA I                   ,RET,FCAS,Psicología
41911058  ESPAÑOL                       ,41911058  ,FEMENINO,CEUTEC-LCE,PREGRADO,0.00,0.00,0.00,62.00,3,3,ESPAÑOL                       ,RET,FCAS,Psicología
41911058  HISTORIA DE HONDURAS          ,41911058  ,FEMENINO,CEUTEC-LCE,PREGRADO,0.00,0.00,0.00,62.00,3,3,HISTORIA DE HONDURAS          ,RET,FCAS,Psicología
41911058  INTRODUCCIÓN A LA PSICOLOGÍA  ,41911058  ,FEMENINO,CEUTEC-LCE,PREGRADO,0.00,0.00,0.00,62.00,3,3,INTRODUCCIÓN A LA PSICOLOGÍA  ,RET,FCAS,Psicología
61411067  INGLÉS VI                     ,61411067  ,MASCULINO,CEUTEC-SPS,PREGRADO,82.68,83.00,52.00,55.00,1,1,INGLÉS VI                     ,RET,FIA,Ing. Informa.
61421042  METODOLOGÍA DE INVESTIGACIÓN  ,61421042  ,MASCULINO,CEUTEC-SPS,PREGRADO,74.28,74.00,11.00,55.00,1,1,METODOLOGÍA DE INVESTIGACIÓN  ,RET,FIA,Ing. Informa.
617111062 INGLÉS IV                     ,617111062 ,MASCULINO,CEUTEC-SPS,PREGRADO,60.52,71.75,6.00,55.00,1,1,INGLÉS IV                     ,SD,FIA,Ing. Informa.
61751334  INGLÉS II                     ,61751334  ,MASCULINO,CEUTEC-SPS,PREGRADO,89.40,89.00,6.00,62.00,2,2,INGLÉS II                     ,RET,FIA,Ing. Electrónica
61751334  GEOMETRIA TRIGONOMETRIA       ,61751334  ,MASCULINO,CEUTEC-SPS,PREGRADO,89.40,89.00,6.00,62.00,2,2,GEOMETRIA TRIGONOMETRIA       ,RET,FIA,Ing. Electrónica
61911235  BIOLOGÍA                      ,61911235  ,MASCULINO,CEUTEC-SPS,PREGRADO,0.00,0.00,0.00,62.00,3,3,BIOLOGÍA                      ,RET,FIA,Ing. Electrónica
61911235  OFIMATICA AVANZADA            ,61911235  ,MASCULINO,CEUTEC-SPS,PREGRADO,0.00,0.00,0.00,62.00,3,3,OFIMATICA AVANZADA            ,RET,FIA,Ing. Electrónica
61911235  INTRODUCCIÓN AL ÁLGEBRA       ,61911235  ,MASCULINO,CEUTEC-SPS,PREGRADO,0.00,0.00,0.00,62.00,3,3,INTRODUCCIÓN AL ÁLGEBRA       ,RET,FIA,Ing. Electrónica
617111009 INGLÉS I                      ,617111009 ,FEMENINO,CEUTEC-SPS,PREGRADO,69.38,76.00,11.00,58.00,2,2,INGLÉS I                      ,RET,FIA,Ing. Logística
617111009 ÁLGEBRA LINEAL                ,617111009 ,FEMENINO,CEUTEC-SPS,PREGRADO,69.38,76.00,11.00,58.00,2,2,ÁLGEBRA LINEAL                ,RET,FIA,Ing. Logística
61821360  FILOSOFÍA                     ,61821360  ,MASCULINO,CEUTEC-SPS,PREGRADO,63.86,78.00,4.00,58.00,2,2,FILOSOFÍA                     ,RET,FIA,Ing. Logística
61821360  SOCIOLOGÍA                    ,61821360  ,MASCULINO,CEUTEC-SPS,PREGRADO,63.86,78.00,4.00,58.00,2,2,SOCIOLOGÍA                    ,RET,FIA,Ing. Logística
61821367  COMUNICACION ORAL Y ESCRITA   ,61821367  ,MASCULINO,CEUTEC-SPS,PREGRADO,65.73,74.00,3.00,58.00,3,3,COMUNICACION ORAL Y ESCRITA   ,RET,FIA,Ing. Logística
61821367  INTROD. GESTION LOGISTICA     ,61821367  ,MASCULINO,CEUTEC-SPS,PREGRADO,65.73,74.00,3.00,58.00,3,3,INTROD. GESTION LOGISTICA     ,RET,FIA,Ing. Logística
61821367  ÁLGEBRA                       ,61821367  ,MASCULINO,CEUTEC-SPS,PREGRADO,65.73,74.00,3.00,58.00,3,3,ÁLGEBRA                       ,RET,FIA,Ing. Logística
61911174  HISTORIA DE HONDURAS          ,61911174  ,MASCULINO,CEUTEC-SPS,PREGRADO,0.00,0.00,0.00,58.00,2,2,HISTORIA DE HONDURAS          ,RET,FIA,Ing. Logística
61911174  INTRODUCCIÓN AL ÁLGEBRA       ,61911174  ,MASCULINO,CEUTEC-SPS,PREGRADO,0.00,0.00,0.00,58.00,2,2,INTRODUCCIÓN AL ÁLGEBRA       ,RET,FIA,Ing. Logística
61641020  INTRODUCCIÓN AL ÁLGEBRA       ,61641020  ,MASCULINO,CEUTEC-SPS,PREGRADO,71.00,85.00,1.00,60.00,2,2,INTRODUCCIÓN AL ÁLGEBRA       ,RET,FCAS,Diseño Gráf.
61641020  HISTORIA DE HONDURAS          ,61641020  ,MASCULINO,CEUTEC-SPS,PREGRADO,71.00,85.00,1.00,60.00,2,2,HISTORIA DE HONDURAS          ,RET,FCAS,Diseño Gráf.
61821024  HISTORIA DE HONDURAS          ,61821024  ,FEMENINO,CEUTEC-SPS,PREGRADO,78.00,78.00,1.00,60.00,2,2,HISTORIA DE HONDURAS          ,RET,FCAS,Diseño Gráf.
61821024  SOCIOLOGÍA                    ,61821024  ,FEMENINO,CEUTEC-SPS,PREGRADO,78.00,78.00,1.00,60.00,2,2,SOCIOLOGÍA                    ,RET,FCAS,Diseño Gráf.
61821093  HISTORIA DE HONDURAS          ,61821093  ,MASCULINO,CEUTEC-SPS,PREGRADO,68.55,81.00,3.00,60.00,2,2,HISTORIA DE HONDURAS          ,RET,FCAS,Diseño Gráf.
61821093  SOCIOLOGÍA                    ,61821093  ,MASCULINO,CEUTEC-SPS,PREGRADO,68.55,81.00,3.00,60.00,2,2,SOCIOLOGÍA                    ,RET,FCAS,Diseño Gráf.
61551398  MICROECONOMÍA                 ,61551398  ,MASCULINO,CEUTEC-SPS,PREGRADO,77.47,77.00,4.00,60.00,2,2,MICROECONOMÍA                 ,RET,FCAS,Contaduría
61551398  ESPAÑOL                       ,61551398  ,MASCULINO,CEUTEC-SPS,PREGRADO,77.47,77.00,4.00,60.00,2,2,ESPAÑOL                       ,RET,FCAS,Contaduría
61611675  ADMINISTRACIÓN II             ,61611675  ,FEMENINO,CEUTEC-SPS,PREGRADO,46.37,75.00,7.00,60.00,2,2,ADMINISTRACIÓN II             ,RET,FCAS,Contaduría
61611675  SERVICIO AL CLIENTE           ,61611675  ,FEMENINO,CEUTEC-SPS,PREGRADO,46.37,75.00,7.00,60.00,2,2,SERVICIO AL CLIENTE           ,RET,FCAS,Contaduría
61611758  ADMINISTRACIÓN II             ,61611758  ,FEMENINO,CEUTEC-SPS,PREGRADO,79.25,80.00,40.00,60.00,2,2,ADMINISTRACIÓN II             ,RET,FCAS,Contaduría
61611758  GESTIÓN DE LA CALIDAD         ,61611758  ,FEMENINO,CEUTEC-SPS,PREGRADO,79.25,80.00,40.00,60.00,2,2,GESTIÓN DE LA CALIDAD         ,RET,FCAS,Contaduría
61711069  CÁLCULO PARA CC. SOCIALES     ,61711069  ,MASCULINO,CEUTEC-SPS,PREGRADO,72.33,72.00,9.00,60.00,1,1,CÁLCULO PARA CC. SOCIALES     ,RET,FCAS,Contaduría
61911131  FILOSOFÍA                     ,61911131  ,FEMENINO,CEUTEC-SPS,PREGRADO,0.00,0.00,0.00,60.00,2,2,FILOSOFÍA                     ,RET,FCAS,Contaduría
61911131  INTRODUCCIÓN AL ÁLGEBRA       ,61911131  ,FEMENINO,CEUTEC-SPS,PREGRADO,0.00,0.00,0.00,60.00,2,2,INTRODUCCIÓN AL ÁLGEBRA       ,RET,FCAS,Contaduría
61911617  ADMINISTRACIÓN I              ,61911617  ,FEMENINO,CEUTEC-SPS,PREGRADO,0.00,0.00,0.00,60.00,3,3,ADMINISTRACIÓN I              ,RET,FCAS,Contaduría
61911617  OFIMÁTICA I                   ,61911617  ,FEMENINO,CEUTEC-SPS,PREGRADO,0.00,0.00,0.00,60.00,3,3,OFIMÁTICA I                   ,RET,FCAS,Contaduría
61911617  INTRODUCCIÓN AL ÁLGEBRA       ,61911617  ,FEMENINO,CEUTEC-SPS,PREGRADO,0.00,0.00,0.00,60.00,3,3,INTRODUCCIÓN AL ÁLGEBRA       ,RET,FCAS,Contaduría
61911623  ESPAÑOL                       ,61911623  ,MASCULINO,CEUTEC-SPS,PREGRADO,0.00,0.00,0.00,60.00,1,1,ESPAÑOL                       ,RET,FCAS,Contaduría
615111380 ÉTICA PROFESIONAL             ,615111380 ,FEMENINO,CEUTEC-SPS,PREGRADO,100.00,100.00,2.00,57.00,1,1,ÉTICA PROFESIONAL             ,RET,FCAS,Admon. Empresas
616111545 ADMINISTRACIÓN I              ,616111545 ,FEMENINO,CEUTEC-SPS,PREGRADO,0.00,0.00,0.00,57.00,2,2,ADMINISTRACIÓN I              ,RET,FCAS,Admon. Empresas
616111545 HISTORIA DE HONDURAS          ,616111545 ,FEMENINO,CEUTEC-SPS,PREGRADO,0.00,0.00,0.00,57.00,2,2,HISTORIA DE HONDURAS          ,RET,FCAS,Admon. Empresas
61611526  ASESORIA Y CONSUL EMP         ,61611526  ,FEMENINO,CEUTEC-SPS,PREGRADO,78.47,79.00,43.00,57.00,3,3,ASESORIA Y CONSUL EMP         ,RET,FCAS,Admon. Empresas
61611526  ADMON. OPERACIONES II         ,61611526  ,FEMENINO,CEUTEC-SPS,PREGRADO,78.47,79.00,43.00,57.00,3,3,ADMON. OPERACIONES II         ,RET,FCAS,Admon. Empresas
61611526  SERVICIO AL CLIENTE           ,61611526  ,FEMENINO,CEUTEC-SPS,PREGRADO,78.47,79.00,43.00,57.00,3,3,SERVICIO AL CLIENTE           ,RET,FCAS,Admon. Empresas
61711548  ANÁLISIS CONTABLE II          ,61711548  ,FEMENINO,CEUTEC-SPS,PREGRADO,69.10,74.00,13.00,57.00,3,3,ANÁLISIS CONTABLE II          ,RET,FCAS,Admon. Empresas
61711548  ÉTICA PROFESIONAL             ,61711548  ,FEMENINO,CEUTEC-SPS,PREGRADO,69.10,74.00,13.00,57.00,3,3,ÉTICA PROFESIONAL             ,RET,FCAS,Admon. Empresas
61711548  BIOLOGÍA                      ,61711548  ,FEMENINO,CEUTEC-SPS,PREGRADO,69.10,74.00,13.00,57.00,3,3,BIOLOGÍA                      ,RET,FCAS,Admon. Empresas
61911338  ADMINISTRACIÓN I              ,61911338  ,FEMENINO,CEUTEC-SPS,PREGRADO,0.00,0.00,0.00,57.00,2,2,ADMINISTRACIÓN I              ,RET,FCAS,Admon. Empresas
61911338  INTRODUCCIÓN AL ÁLGEBRA       ,61911338  ,FEMENINO,CEUTEC-SPS,PREGRADO,0.00,0.00,0.00,57.00,2,2,INTRODUCCIÓN AL ÁLGEBRA       ,RET,FCAS,Admon. Empresas
61911386  ADMINISTRACIÓN I              ,61911386  ,MASCULINO,CEUTEC-SPS,PREGRADO,0.00,0.00,0.00,57.00,2,2,ADMINISTRACIÓN I              ,RET,FCAS,Admon. Empresas
61911386  INTRODUCCIÓN AL ÁLGEBRA       ,61911386  ,MASCULINO,CEUTEC-SPS,PREGRADO,0.00,0.00,0.00,57.00,2,2,INTRODUCCIÓN AL ÁLGEBRA       ,RET,FCAS,Admon. Empresas
61621160  INGLÉS I                      ,61621160  ,MASCULINO,CEUTEC-SPS,PREGRADO,73.55,77.00,18.00,55.00,4,4,INGLÉS I                      ,RET,FCAS,Mercadotecnia
61621160  COMPORT. DEL CONSUMIDOR       ,61621160  ,MASCULINO,CEUTEC-SPS,PREGRADO,73.55,77.00,18.00,55.00,4,4,COMPORT. DEL CONSUMIDOR       ,RET,FCAS,Mercadotecnia
61621160  ÉTICA Y CIUDADANIA            ,61621160  ,MASCULINO,CEUTEC-SPS,PREGRADO,73.55,77.00,18.00,55.00,4,4,ÉTICA Y CIUDADANIA            ,RET,FCAS,Mercadotecnia
61621160  METODOLOGÍA DE INVESTIGACIÓN  ,61621160  ,MASCULINO,CEUTEC-SPS,PREGRADO,73.55,77.00,18.00,55.00,4,4,METODOLOGÍA DE INVESTIGACIÓN  ,RET,FCAS,Mercadotecnia
618111352 ANÁLISIS CONTABLE I           ,618111352 ,FEMENINO,CEUTEC-SPS,PREGRADO,72.29,78.00,12.00,55.00,3,3,ANÁLISIS CONTABLE I           ,RET,FCAS,Mercadotecnia
618111352 MERCADOTECNIA I               ,618111352 ,FEMENINO,CEUTEC-SPS,PREGRADO,72.29,78.00,12.00,55.00,3,3,MERCADOTECNIA I               ,RET,FCAS,Mercadotecnia
618111352 GER.RECURSOS HUMANOS I        ,618111352 ,FEMENINO,CEUTEC-SPS,PREGRADO,72.29,78.00,12.00,55.00,3,3,GER.RECURSOS HUMANOS I        ,RET,FCAS,Mercadotecnia
61911591  COMUNICACION ORAL Y ESCRITA   ,61911591  ,MASCULINO,CEUTEC-SPS,PREGRADO,0.00,0.00,0.00,55.00,2,2,COMUNICACION ORAL Y ESCRITA   ,RET,FCAS,Mercadotecnia
61911591  INTRODUCCION A MERCADOTECNIA  ,61911591  ,MASCULINO,CEUTEC-SPS,PREGRADO,0.00,0.00,0.00,55.00,2,2,INTRODUCCION A MERCADOTECNIA  ,RET,FCAS,Mercadotecnia
615111092 OFIMÁTICA II                  ,615111092 ,FEMENINO,CEUTEC-SPS,PREGRADO,57.25,73.00,18.00,62.00,3,3,OFIMÁTICA II                  ,RET,FCAS,Psicología
615111092 INTRODUCCION AL ALGEBRA       ,615111092 ,FEMENINO,CEUTEC-SPS,PREGRADO,57.25,73.00,18.00,62.00,3,3,INTRODUCCION AL ALGEBRA       ,RET,FCAS,Psicología
615111092 PSICOLOGIA ORGANIZACIONAL     ,615111092 ,FEMENINO,CEUTEC-SPS,PREGRADO,57.25,73.00,18.00,62.00,3,3,PSICOLOGIA ORGANIZACIONAL     ,RET,FCAS,Psicología
61521599  OFIMÁTICA II                  ,61521599  ,FEMENINO,CEUTEC-SPS,PREGRADO,45.71,74.00,12.00,62.00,2,2,OFIMÁTICA II                  ,RET,FCAS,Psicología
61521599  INTRODUCCION AL ALGEBRA       ,61521599  ,FEMENINO,CEUTEC-SPS,PREGRADO,45.71,74.00,12.00,62.00,2,2,INTRODUCCION AL ALGEBRA       ,RET,FCAS,Psicología
61911237  ESPAÑOL                       ,61911237  ,FEMENINO,CEUTEC-SPS,PREGRADO,0.00,0.00,0.00,62.00,2,2,ESPAÑOL                       ,RET,FCAS,Psicología
61911237  BIOLOGÍA                      ,61911237  ,FEMENINO,CEUTEC-SPS,PREGRADO,0.00,0.00,0.00,62.00,2,2,BIOLOGÍA                      ,RET,FCAS,Psicología
61321092  PSICOMETRÍA IV                ,61321092  ,FEMENINO,CEUTEC-SPS,PREGRADO,71.33,76.00,33.00,62.00,3,3,PSICOMETRÍA IV                ,RET,FCAS,Psicología
61321092  PSICOLOGIA ORGANIZACIONAL     ,61321092  ,FEMENINO,CEUTEC-SPS,PREGRADO,71.33,76.00,33.00,62.00,3,3,PSICOLOGIA ORGANIZACIONAL     ,RET,FCAS,Psicología
61321092  PSICODIAGNÓSTICO I            ,61321092  ,FEMENINO,CEUTEC-SPS,PREGRADO,71.33,76.00,33.00,62.00,3,3,PSICODIAGNÓSTICO I            ,RET,FCAS,Psicología
61451380  HISTORIA DE HONDURAS          ,61451380  ,FEMENINO,CEUTEC-SPS,PREGRADO,0.25,0.00,0.00,62.00,5,5,HISTORIA DE HONDURAS          ,RET,FCAS,Psicología
61451380  INTRODUCCION AL ALGEBRA       ,61451380  ,FEMENINO,CEUTEC-SPS,PREGRADO,0.25,0.00,0.00,62.00,5,5,INTRODUCCION AL ALGEBRA       ,RET,FCAS,Psicología
61451380  ADMINISTRACIÓN I              ,61451380  ,FEMENINO,CEUTEC-SPS,PREGRADO,0.25,0.00,0.00,62.00,5,5,ADMINISTRACIÓN I              ,RET,FCAS,Psicología
61451380  ESPAÑOL                       ,61451380  ,FEMENINO,CEUTEC-SPS,PREGRADO,0.25,0.00,0.00,62.00,5,5,ESPAÑOL                       ,RET,FCAS,Psicología
61451380  FILOSOFÍA                     ,61451380  ,FEMENINO,CEUTEC-SPS,PREGRADO,0.25,0.00,0.00,62.00,5,5,FILOSOFÍA                     ,RET,FCAS,Psicología
61911178  BIOLOGÍA                      ,61911178  ,FEMENINO,CEUTEC-SPS,PREGRADO,0.00,0.00,0.00,62.00,4,4,BIOLOGÍA                      ,RET,FCAS,Psicología
61911178  OFIMÁTICA I                   ,61911178  ,FEMENINO,CEUTEC-SPS,PREGRADO,0.00,0.00,0.00,62.00,4,4,OFIMÁTICA I                   ,RET,FCAS,Psicología
61911178  INTRODUCCION AL ALGEBRA       ,61911178  ,FEMENINO,CEUTEC-SPS,PREGRADO,0.00,0.00,0.00,62.00,4,4,INTRODUCCION AL ALGEBRA       ,RET,FCAS,Psicología
61911178  INTRODUCCIÓN A LA PSICOLOGÍA  ,61911178  ,FEMENINO,CEUTEC-SPS,PREGRADO,0.00,0.00,0.00,62.00,4,4,INTRODUCCIÓN A LA PSICOLOGÍA  ,RET,FCAS,Psicología
61911179  BIOLOGÍA                      ,61911179  ,FEMENINO,CEUTEC-SPS,PREGRADO,0.00,0.00,0.00,62.00,4,4,BIOLOGÍA                      ,RET,FCAS,Psicología
61911179  OFIMÁTICA I                   ,61911179  ,FEMENINO,CEUTEC-SPS,PREGRADO,0.00,0.00,0.00,62.00,4,4,OFIMÁTICA I                   ,RET,FCAS,Psicología
61911179  INTRODUCCION AL ALGEBRA       ,61911179  ,FEMENINO,CEUTEC-SPS,PREGRADO,0.00,0.00,0.00,62.00,4,4,INTRODUCCION AL ALGEBRA       ,RET,FCAS,Psicología
61911179  INTRODUCCIÓN A LA PSICOLOGÍA  ,61911179  ,FEMENINO,CEUTEC-SPS,PREGRADO,0.00,0.00,0.00,62.00,4,4,INTRODUCCIÓN A LA PSICOLOGÍA  ,RET,FCAS,Psicología
61911343  ESPAÑOL                       ,61911343  ,FEMENINO,CEUTEC-SPS,PREGRADO,0.00,0.00,0.00,32.00,2,2,ESPAÑOL                       ,RET,FCAS,Técnico Mkt
61911343  HISTORIA DE HONDURAS          ,61911343  ,FEMENINO,CEUTEC-SPS,PREGRADO,0.00,0.00,0.00,32.00,2,2,HISTORIA DE HONDURAS          ,RET,FCAS,Técnico Mkt
T61741111 INGLÉS IV                     ,T61741111 ,FEMENINO,CEUTEC-SPS,TECVOC,57.24,69.74,15.00,28.00,2,2,INGLÉS IV                     ,SD,Técnico Universitario,TecVoc Call Center
T61741111 EMPRENDIMIENTO GESTIÓN CARRERA,T61741111 ,FEMENINO,CEUTEC-SPS,TECVOC,57.24,69.74,15.00,28.00,2,2,EMPRENDIMIENTO GESTIÓN CARRERA,SD,Técnico Universitario,TecVoc Call Center
T61911041 INTRO A LA TEC CALL CENTER    ,T61911041 ,MASCULINO,CEUTEC-SPS,TECVOC,0.00,0.00,0.00,28.00,4,4,INTRO A LA TEC CALL CENTER    ,RET,Técnico Universitario,TecVoc Call Center
T61911041 INGLÉS I                      ,T61911041 ,MASCULINO,CEUTEC-SPS,TECVOC,0.00,0.00,0.00,28.00,4,4,INGLÉS I                      ,RET,Técnico Universitario,TecVoc Call Center
T61911041 COMUNICACIÓN ORAL Y ESCRITA   ,T61911041 ,MASCULINO,CEUTEC-SPS,TECVOC,0.00,0.00,0.00,28.00,4,4,COMUNICACIÓN ORAL Y ESCRITA   ,RET,Técnico Universitario,TecVoc Call Center
T61911041 MATEMÁTICA BÁSICA             ,T61911041 ,MASCULINO,CEUTEC-SPS,TECVOC,0.00,0.00,0.00,28.00,4,4,MATEMÁTICA BÁSICA             ,RET,Técnico Universitario,TecVoc Call Center
T61911065 INTRO A LA TEC CALL CENTER    ,T61911065 ,FEMENINO,CEUTEC-SPS,TECVOC,0.00,0.00,0.00,28.00,4,4,INTRO A LA TEC CALL CENTER    ,RET,Técnico Universitario,TecVoc Call Center
T61911065 INGLÉS I                      ,T61911065 ,FEMENINO,CEUTEC-SPS,TECVOC,0.00,0.00,0.00,28.00,4,4,INGLÉS I                      ,RET,Técnico Universitario,TecVoc Call Center
T61911065 COMUNICACIÓN ORAL Y ESCRITA   ,T61911065 ,FEMENINO,CEUTEC-SPS,TECVOC,0.00,0.00,0.00,28.00,4,4,COMUNICACIÓN ORAL Y ESCRITA   ,RET,Técnico Universitario,TecVoc Call Center
T61911065 MATEMÁTICA BÁSICA             ,T61911065 ,FEMENINO,CEUTEC-SPS,TECVOC,0.00,0.00,0.00,28.00,4,4,MATEMÁTICA BÁSICA             ,RET,Técnico Universitario,TecVoc Call Center
T61841066 COMUNICACIÓN ORAL Y ESCRITA   ,T61841066 ,MASCULINO,CEUTEC-SPS,TECVOC,67.33,67.33,2.00,27.00,2,2,COMUNICACIÓN ORAL Y ESCRITA   ,SD,Técnico Universitario,TecVoc Redes (Especial)
T61841066 INTRODUCCIÓN AL ÁLGEBRA       ,T61841066 ,MASCULINO,CEUTEC-SPS,TECVOC,67.33,67.33,2.00,27.00,2,2,INTRODUCCIÓN AL ÁLGEBRA       ,SD,Técnico Universitario,TecVoc Redes (Especial)
T61911025 INTRO A LA TEC CALL CENTER    ,T61911025 ,MASCULINO,CEUTEC-SPS,TECVOC,0.00,0.00,0.00,28.00,3,3,INTRO A LA TEC CALL CENTER    ,SD,Técnico Universitario,TecVoc Call Center Flexible
T61911025 INGLÉS I                      ,T61911025 ,MASCULINO,CEUTEC-SPS,TECVOC,0.00,0.00,0.00,28.00,3,3,INGLÉS I                      ,SD,Técnico Universitario,TecVoc Call Center Flexible
T61911025 COMUNICACIÓN ORAL Y ESCRITA   ,T61911025 ,MASCULINO,CEUTEC-SPS,TECVOC,0.00,0.00,0.00,28.00,3,3,COMUNICACIÓN ORAL Y ESCRITA   ,SD,Técnico Universitario,TecVoc Call Center Flexible
B31851012 ORIENTACIÓN VOCACIONAL        ,B31851012 ,MASCULINO,CEUTEC-TGU,BACHILLERATO,0.00,0.00,0.00,46.00,10,10,ORIENTACIÓN VOCACIONAL        ,RET,BACHILLERATO,Bachillerato
B31851012 QUÍMICA II                    ,B31851012 ,MASCULINO,CEUTEC-TGU,BACHILLERATO,0.00,0.00,0.00,46.00,10,10,QUÍMICA II                    ,RET,BACHILLERATO,Bachillerato
B31851012 FÍSICA II                     ,B31851012 ,MASCULINO,CEUTEC-TGU,BACHILLERATO,0.00,0.00,0.00,46.00,10,10,FÍSICA II                     ,RET,BACHILLERATO,Bachillerato
B31851012 GENERACIÓN DE EMPRESAS        ,B31851012 ,MASCULINO,CEUTEC-TGU,BACHILLERATO,0.00,0.00,0.00,46.00,10,10,GENERACIÓN DE EMPRESAS        ,RET,BACHILLERATO,Bachillerato
B31851012 HISTORIA DE HONDURAS          ,B31851012 ,MASCULINO,CEUTEC-TGU,BACHILLERATO,0.00,0.00,0.00,46.00,10,10,HISTORIA DE HONDURAS          ,RET,BACHILLERATO,Bachillerato
B31851012 INGLÉS II                     ,B31851012 ,MASCULINO,CEUTEC-TGU,BACHILLERATO,0.00,0.00,0.00,46.00,10,10,INGLÉS II                     ,RET,BACHILLERATO,Bachillerato
B31851012 LENGUAJE ARTÍSTICO            ,B31851012 ,MASCULINO,CEUTEC-TGU,BACHILLERATO,0.00,0.00,0.00,46.00,10,10,LENGUAJE ARTÍSTICO            ,RET,BACHILLERATO,Bachillerato
B31851012 MATEMÁTICA II                 ,B31851012 ,MASCULINO,CEUTEC-TGU,BACHILLERATO,0.00,0.00,0.00,46.00,10,10,MATEMÁTICA II                 ,RET,BACHILLERATO,Bachillerato
B31851012 BIOLOGÍA II                   ,B31851012 ,MASCULINO,CEUTEC-TGU,BACHILLERATO,0.00,0.00,0.00,46.00,10,10,BIOLOGÍA II                   ,RET,BACHILLERATO,Bachillerato
B31851012 ESPAÑOL II                    ,B31851012 ,MASCULINO,CEUTEC-TGU,BACHILLERATO,0.00,0.00,0.00,46.00,10,10,ESPAÑOL II                    ,RET,BACHILLERATO,Bachillerato
B31851013 BIOLOGÍA II                   ,B31851013 ,FEMENINO,CEUTEC-TGU,BACHILLERATO,0.00,0.00,0.00,46.00,10,10,BIOLOGÍA II                   ,RET,BACHILLERATO,Bachillerato
B31851013 ESPAÑOL II                    ,B31851013 ,FEMENINO,CEUTEC-TGU,BACHILLERATO,0.00,0.00,0.00,46.00,10,10,ESPAÑOL II                    ,RET,BACHILLERATO,Bachillerato
B31851013 FÍSICA II                     ,B31851013 ,FEMENINO,CEUTEC-TGU,BACHILLERATO,0.00,0.00,0.00,46.00,10,10,FÍSICA II                     ,RET,BACHILLERATO,Bachillerato
B31851013 GENERACIÓN DE EMPRESAS        ,B31851013 ,FEMENINO,CEUTEC-TGU,BACHILLERATO,0.00,0.00,0.00,46.00,10,10,GENERACIÓN DE EMPRESAS        ,RET,BACHILLERATO,Bachillerato
B31851013 HISTORIA DE HONDURAS          ,B31851013 ,FEMENINO,CEUTEC-TGU,BACHILLERATO,0.00,0.00,0.00,46.00,10,10,HISTORIA DE HONDURAS          ,RET,BACHILLERATO,Bachillerato
B31851013 INGLÉS II                     ,B31851013 ,FEMENINO,CEUTEC-TGU,BACHILLERATO,0.00,0.00,0.00,46.00,10,10,INGLÉS II                     ,RET,BACHILLERATO,Bachillerato
B31851013 LENGUAJE ARTÍSTICO            ,B31851013 ,FEMENINO,CEUTEC-TGU,BACHILLERATO,0.00,0.00,0.00,46.00,10,10,LENGUAJE ARTÍSTICO            ,RET,BACHILLERATO,Bachillerato
B31851013 MATEMÁTICA II                 ,B31851013 ,FEMENINO,CEUTEC-TGU,BACHILLERATO,0.00,0.00,0.00,46.00,10,10,MATEMÁTICA II                 ,RET,BACHILLERATO,Bachillerato
B31851013 ORIENTACIÓN VOCACIONAL        ,B31851013 ,FEMENINO,CEUTEC-TGU,BACHILLERATO,0.00,0.00,0.00,46.00,10,10,ORIENTACIÓN VOCACIONAL        ,RET,BACHILLERATO,Bachillerato
B31851013 QUÍMICA II                    ,B31851013 ,FEMENINO,CEUTEC-TGU,BACHILLERATO,0.00,0.00,0.00,46.00,10,10,QUÍMICA II                    ,RET,BACHILLERATO,Bachillerato
30521077  PROGRAMACION III              ,30521077  ,MASCULINO,CEUTEC-TGU,PREGRADO,57.91,76.00,29.00,57.00,2,2,PROGRAMACION III              ,RET,FIA,Ing. Informa.
30521077  ALGEBRA LINEAL                ,30521077  ,MASCULINO,CEUTEC-TGU,PREGRADO,57.91,76.00,29.00,57.00,2,2,ALGEBRA LINEAL                ,RET,FIA,Ing. Informa.
31811619  HISTORIA DE HONDURAS          ,31811619  ,MASCULINO,CEUTEC-TGU,PREGRADO,0.00,0.00,0.00,57.00,1,1,HISTORIA DE HONDURAS          ,RET,FIA,Ing. Informa. Premier
31851237  ADMINISTRACION II             ,31851237  ,MASCULINO,CEUTEC-TGU,PREGRADO,68.80,69.00,3.00,57.00,2,2,ADMINISTRACION II             ,RET,FIA,Ing. Informa. Premier
31851237  ALGEBRA                       ,31851237  ,MASCULINO,CEUTEC-TGU,PREGRADO,68.80,69.00,3.00,57.00,2,2,ALGEBRA                       ,RET,FIA,Ing. Informa. Premier
31911094  ADMINISTRACIÓN I              ,31911094  ,FEMENINO,CEUTEC-TGU,PREGRADO,0.00,0.00,0.00,57.00,3,3,ADMINISTRACIÓN I              ,RET,FIA,Ing. Informa. Premier
31911094  INTRODUCCION A  LA COMPUTA    ,31911094  ,FEMENINO,CEUTEC-TGU,PREGRADO,0.00,0.00,0.00,57.00,3,3,INTRODUCCION A  LA COMPUTA    ,RET,FIA,Ing. Informa. Premier
31911094  OFIMÁTICA AVANZADA            ,31911094  ,FEMENINO,CEUTEC-TGU,PREGRADO,0.00,0.00,0.00,57.00,3,3,OFIMÁTICA AVANZADA            ,RET,FIA,Ing. Informa. Premier
31611663  GEOMETRIA TRIGONOMETRIA       ,31611663  ,MASCULINO,CEUTEC-TGU,PREGRADO,71.64,76.00,16.00,62.00,1,1,GEOMETRIA TRIGONOMETRIA       ,RET,FIA,Ing. Electrónica
314111035 INTRODUCCION AL ALGEBRA       ,314111035 ,FEMENINO,CEUTEC-TGU,PREGRADO,49.48,72.00,7.00,60.00,1,1,INTRODUCCION AL ALGEBRA       ,RET,FIA,Ing. Logística
31711306  ALGEBRA                       ,31711306  ,MASCULINO,CEUTEC-TGU,PREGRADO,68.85,71.00,21.00,62.00,1,1,ALGEBRA                       ,RET,FCAS,Diseño Gráf.
31751003  COMPUT. APLIC. AL DISEÑO GRAF.,31751003  ,FEMENINO,CEUTEC-TGU,PREGRADO,37.26,74.00,3.00,62.00,3,3,COMPUT. APLIC. AL DISEÑO GRAF.,RET,FCAS,Diseño Gráf.
31751003  FILOSOFIA                     ,31751003  ,FEMENINO,CEUTEC-TGU,PREGRADO,37.26,74.00,3.00,62.00,3,3,FILOSOFIA                     ,RET,FCAS,Diseño Gráf.
31751003  INTRODUCCION AL ALGEBRA       ,31751003  ,FEMENINO,CEUTEC-TGU,PREGRADO,37.26,74.00,3.00,62.00,3,3,INTRODUCCION AL ALGEBRA       ,RET,FCAS,Diseño Gráf.
30711338  CONTABILIDAD FINANCIERA II    ,30711338  ,MASCULINO,CEUTEC-TGU,PREGRADO,79.50,79.00,32.00,62.00,3,3,CONTABILIDAD FINANCIERA II    ,RET,FCAS,Contaduría
30711338  MATEMATICA FINANCIERA         ,30711338  ,MASCULINO,CEUTEC-TGU,PREGRADO,79.50,79.00,32.00,62.00,3,3,MATEMATICA FINANCIERA         ,RET,FCAS,Contaduría
30711338  METODOLOGIA INVESTIGAC.       ,30711338  ,MASCULINO,CEUTEC-TGU,PREGRADO,79.50,79.00,32.00,62.00,3,3,METODOLOGIA INVESTIGAC.       ,RET,FCAS,Contaduría
31041157  ADMINISTRACION II             ,31041157  ,MASCULINO,CEUTEC-TGU,PREGRADO,47.95,71.00,6.00,62.00,1,1,ADMINISTRACION II             ,RET,FCAS,Contaduría
31211786  AUDITORIA II                  ,31211786  ,MASCULINO,CEUTEC-TGU,PREGRADO,73.36,75.00,40.00,62.00,3,3,AUDITORIA II                  ,RET,FCAS,Contaduría
31211786  FINANZAS IV                   ,31211786  ,MASCULINO,CEUTEC-TGU,PREGRADO,73.36,75.00,40.00,62.00,3,3,FINANZAS IV                   ,RET,FCAS,Contaduría
31211786  METODOLOGIA INVESTIGAC.       ,31211786  ,MASCULINO,CEUTEC-TGU,PREGRADO,73.36,75.00,40.00,62.00,3,3,METODOLOGIA INVESTIGAC.       ,RET,FCAS,Contaduría
31821519  ESPAÑOL                       ,31821519  ,MASCULINO,CEUTEC-TGU,PREGRADO,0.00,0.00,0.00,62.00,2,2,ESPAÑOL                       ,RET,FCAS,Contaduría
31821519  INTRODUCCION AL ALGEBRA       ,31821519  ,MASCULINO,CEUTEC-TGU,PREGRADO,0.00,0.00,0.00,62.00,2,2,INTRODUCCION AL ALGEBRA       ,RET,FCAS,Contaduría
31851227  ADMINISTRACION II             ,31851227  ,FEMENINO,CEUTEC-TGU,PREGRADO,77.50,78.00,2.00,62.00,2,2,ADMINISTRACION II             ,RET,FCAS,Contaduría
31851227  OFIMATICA I                   ,31851227  ,FEMENINO,CEUTEC-TGU,PREGRADO,77.50,78.00,2.00,62.00,2,2,OFIMATICA I                   ,RET,FCAS,Contaduría
319111079 ADMINISTRACIÓN I              ,319111079 ,FEMENINO,CEUTEC-TGU,PREGRADO,0.00,0.00,0.00,62.00,4,4,ADMINISTRACIÓN I              ,RET,FCAS,Contaduría
319111079 ECOLOGIA                      ,319111079 ,FEMENINO,CEUTEC-TGU,PREGRADO,0.00,0.00,0.00,62.00,4,4,ECOLOGIA                      ,RET,FCAS,Contaduría
319111079 ESPAÑOL                       ,319111079 ,FEMENINO,CEUTEC-TGU,PREGRADO,0.00,0.00,0.00,62.00,4,4,ESPAÑOL                       ,RET,FCAS,Contaduría
319111079 INTRODUCCION AL ALGEBRA       ,319111079 ,FEMENINO,CEUTEC-TGU,PREGRADO,0.00,0.00,0.00,62.00,4,4,INTRODUCCION AL ALGEBRA       ,RET,FCAS,Contaduría
319111090 ADMINISTRACIÓN I              ,319111090 ,MASCULINO,CEUTEC-TGU,PREGRADO,0.00,0.00,0.00,62.00,3,3,ADMINISTRACIÓN I              ,RET,FCAS,Contaduría
319111090 CONTABILIDAD FINANCIERA I     ,319111090 ,MASCULINO,CEUTEC-TGU,PREGRADO,0.00,0.00,0.00,62.00,3,3,CONTABILIDAD FINANCIERA I     ,RET,FCAS,Contaduría
319111090 SOCIOLOGIA                    ,319111090 ,MASCULINO,CEUTEC-TGU,PREGRADO,0.00,0.00,0.00,62.00,3,3,SOCIOLOGIA                    ,RET,FCAS,Contaduría
31221258  GERENCIA FINANCIERA I         ,31221258  ,FEMENINO,CEUTEC-TGU,PREGRADO,74.40,77.00,21.00,59.00,2,2,GERENCIA FINANCIERA I         ,RET,FCAS,Admon. Empresas
31221258  PLANIFICACION Y PRESUPUESTO   ,31221258  ,FEMENINO,CEUTEC-TGU,PREGRADO,74.40,77.00,21.00,59.00,2,2,PLANIFICACION Y PRESUPUESTO   ,RET,FCAS,Admon. Empresas
31351123  ADMINISTRACION II             ,31351123  ,FEMENINO,CEUTEC-TGU,PREGRADO,61.73,66.00,8.00,59.00,2,2,ADMINISTRACION II             ,RET,FCAS,Admon. Empresas
31351123  ESPAÑOL                       ,31351123  ,FEMENINO,CEUTEC-TGU,PREGRADO,61.73,66.00,8.00,59.00,2,2,ESPAÑOL                       ,RET,FCAS,Admon. Empresas
31721459  GESTION DEL TALENTO HUMANO I  ,31721459  ,FEMENINO,CEUTEC-TGU,PREGRADO,59.59,67.00,5.00,59.00,1,1,GESTION DEL TALENTO HUMANO I  ,RET,FCAS,Admon. Empresas
31911047  ECOLOGIA                      ,31911047  ,FEMENINO,CEUTEC-TGU,PREGRADO,0.00,0.00,0.00,59.00,4,4,ECOLOGIA                      ,RET,FCAS,Admon. Empresas
31911047  FILOSOFIA                     ,31911047  ,FEMENINO,CEUTEC-TGU,PREGRADO,0.00,0.00,0.00,59.00,4,4,FILOSOFIA                     ,RET,FCAS,Admon. Empresas
31911047  HISTORIA DE HONDURAS          ,31911047  ,FEMENINO,CEUTEC-TGU,PREGRADO,0.00,0.00,0.00,59.00,4,4,HISTORIA DE HONDURAS          ,RET,FCAS,Admon. Empresas
31911047  OFIMATICA I                   ,31911047  ,FEMENINO,CEUTEC-TGU,PREGRADO,0.00,0.00,0.00,59.00,4,4,OFIMATICA I                   ,RET,FCAS,Admon. Empresas
319111185 ADMINISTRACIÓN I              ,319111185 ,FEMENINO,CEUTEC-TGU,PREGRADO,0.00,0.00,0.00,59.00,2,2,ADMINISTRACIÓN I              ,RET,FCAS,Admon. Empresas
319111185 ESPAÑOL                       ,319111185 ,FEMENINO,CEUTEC-TGU,PREGRADO,0.00,0.00,0.00,59.00,2,2,ESPAÑOL                       ,RET,FCAS,Admon. Empresas
31811280  ADMINISTRACION II             ,31811280  ,MASCULINO,CEUTEC-TGU,PREGRADO,58.71,60.00,3.00,61.00,5,5,ADMINISTRACION II             ,RET,FCAS,RRHH
31811280  PREP. PARA EL TOEFL (ING. AV) ,31811280  ,MASCULINO,CEUTEC-TGU,PREGRADO,58.71,60.00,3.00,61.00,5,5,PREP. PARA EL TOEFL (ING. AV) ,RET,FCAS,RRHH
31811280  ALGEBRA                       ,31811280  ,MASCULINO,CEUTEC-TGU,PREGRADO,58.71,60.00,3.00,61.00,5,5,ALGEBRA                       ,RET,FCAS,RRHH
31811280  PSICOLOGIA GENERAL            ,31811280  ,MASCULINO,CEUTEC-TGU,PREGRADO,58.71,60.00,3.00,61.00,5,5,PSICOLOGIA GENERAL            ,RET,FCAS,RRHH
31811280  ETICA PROFESIONAL             ,31811280  ,MASCULINO,CEUTEC-TGU,PREGRADO,58.71,60.00,3.00,61.00,5,5,ETICA PROFESIONAL             ,RET,FCAS,RRHH
31851140  ANALISIS CONTABLE I           ,31851140  ,MASCULINO,CEUTEC-TGU,PREGRADO,79.57,80.00,9.00,61.00,2,2,ANALISIS CONTABLE I           ,RET,FCAS,RRHH
31851140  GER.RECURSOS HUMANOS I        ,31851140  ,MASCULINO,CEUTEC-TGU,PREGRADO,79.57,80.00,9.00,61.00,2,2,GER.RECURSOS HUMANOS I        ,RET,FCAS,RRHH
31911762  ADMINISTRACIÓN I              ,31911762  ,FEMENINO,CEUTEC-TGU,PREGRADO,0.00,0.00,0.00,61.00,2,2,ADMINISTRACIÓN I              ,RET,FCAS,RRHH
31911762  PSICOLOGIA GENERAL            ,31911762  ,FEMENINO,CEUTEC-TGU,PREGRADO,0.00,0.00,0.00,61.00,2,2,PSICOLOGIA GENERAL            ,RET,FCAS,RRHH
31651172  PUBLICIDAD                    ,31651172  ,MASCULINO,CEUTEC-TGU,PREGRADO,74.84,79.00,26.00,57.00,2,2,PUBLICIDAD                    ,RET,FCAS,Mercadotecnia
31651172  INVEST. DE MERCADOS II        ,31651172  ,MASCULINO,CEUTEC-TGU,PREGRADO,74.84,79.00,26.00,57.00,2,2,INVEST. DE MERCADOS II        ,RET,FCAS,Mercadotecnia
31711421  FOTOGRAFIA                    ,31711421  ,FEMENINO,CEUTEC-TGU,PREGRADO,64.22,72.00,16.00,57.00,2,2,FOTOGRAFIA                    ,RET,FCAS,Mercadotecnia
31711421  ANALISIS CONTABLE II          ,31711421  ,FEMENINO,CEUTEC-TGU,PREGRADO,64.22,72.00,16.00,57.00,2,2,ANALISIS CONTABLE II          ,RET,FCAS,Mercadotecnia
31841410  DERECHO EMPRESARIAL           ,31841410  ,MASCULINO,CEUTEC-TGU,PREGRADO,73.07,73.00,8.00,57.00,4,4,DERECHO EMPRESARIAL           ,RET,FCAS,Mercadotecnia
31841410  MACROECONOMIA                 ,31841410  ,MASCULINO,CEUTEC-TGU,PREGRADO,73.07,73.00,8.00,57.00,4,4,MACROECONOMIA                 ,RET,FCAS,Mercadotecnia
31841410  ESTADISTICA I                 ,31841410  ,MASCULINO,CEUTEC-TGU,PREGRADO,73.07,73.00,8.00,57.00,4,4,ESTADISTICA I                 ,RET,FCAS,Mercadotecnia
31841410  MERCADOTECNIA I               ,31841410  ,MASCULINO,CEUTEC-TGU,PREGRADO,73.07,73.00,8.00,57.00,4,4,MERCADOTECNIA I               ,RET,FCAS,Mercadotecnia
31911805  FOTOGRAFIA                    ,31911805  ,FEMENINO,CEUTEC-TGU,PREGRADO,0.00,0.00,0.00,57.00,4,4,FOTOGRAFIA                    ,RET,FCAS,Mercadotecnia
31911805  INTRODUCCION AL ALGEBRA       ,31911805  ,FEMENINO,CEUTEC-TGU,PREGRADO,0.00,0.00,0.00,57.00,4,4,INTRODUCCION AL ALGEBRA       ,RET,FCAS,Mercadotecnia
31911805  INTRODUCCIÓN A MERCADOTECNIA  ,31911805  ,FEMENINO,CEUTEC-TGU,PREGRADO,0.00,0.00,0.00,57.00,4,4,INTRODUCCIÓN A MERCADOTECNIA  ,RET,FCAS,Mercadotecnia
31911805  SOCIOLOGIA                    ,31911805  ,FEMENINO,CEUTEC-TGU,PREGRADO,0.00,0.00,0.00,57.00,4,4,SOCIOLOGIA                    ,RET,FCAS,Mercadotecnia
31911827  ADMINISTRACIÓN I              ,31911827  ,FEMENINO,CEUTEC-TGU,PREGRADO,0.00,0.00,0.00,57.00,2,2,ADMINISTRACIÓN I              ,RET,FCAS,Mercadotecnia
31911827  FILOSOFIA                     ,31911827  ,FEMENINO,CEUTEC-TGU,PREGRADO,0.00,0.00,0.00,57.00,2,2,FILOSOFIA                     ,RET,FCAS,Mercadotecnia
30711206  INGLES I                      ,30711206  ,MASCULINO,CEUTEC-TGU,PREGRADO,60.33,74.00,19.00,63.00,1,1,INGLES I                      ,RET,FCAS,Mercadotecnia
31721350  GERENCIA FINANCIERA I         ,31721350  ,FEMENINO,CEUTEC-TGU,PREGRADO,83.43,83.00,24.00,63.00,1,1,GERENCIA FINANCIERA I         ,RET,FCAS,Mercadotecnia
31911626  ADMINISTRACIÓN I              ,31911626  ,MASCULINO,CEUTEC-TGU,PREGRADO,0.00,0.00,0.00,57.00,3,3,ADMINISTRACIÓN I              ,RET,FCAS,Mercadotecnia Premier
31911626  COMUNICACIÓN ORAL Y ESCRITA   ,31911626  ,MASCULINO,CEUTEC-TGU,PREGRADO,0.00,0.00,0.00,57.00,3,3,COMUNICACIÓN ORAL Y ESCRITA   ,RET,FCAS,Mercadotecnia Premier
31911626  INTRODUCCION AL ALGEBRA       ,31911626  ,MASCULINO,CEUTEC-TGU,PREGRADO,0.00,0.00,0.00,57.00,3,3,INTRODUCCION AL ALGEBRA       ,RET,FCAS,Mercadotecnia Premier
31841246  ORATORIA Y DEBATES            ,31841246  ,FEMENINO,CEUTEC-TGU,PREGRADO,72.00,72.00,12.00,68.00,3,3,ORATORIA Y DEBATES            ,RET,FCAS,Derecho
31841246  DERECHO ADMINISTRATIVO I      ,31841246  ,FEMENINO,CEUTEC-TGU,PREGRADO,72.00,72.00,12.00,68.00,3,3,DERECHO ADMINISTRATIVO I      ,RET,FCAS,Derecho
31841246  DERECHO INDIVIDUAL DEL TRABAJO,31841246  ,FEMENINO,CEUTEC-TGU,PREGRADO,72.00,72.00,12.00,68.00,3,3,DERECHO INDIVIDUAL DEL TRABAJO,RET,FCAS,Derecho
31911374  ADMINISTRACIÓN I              ,31911374  ,MASCULINO,CEUTEC-TGU,PREGRADO,0.00,0.00,0.00,68.00,4,4,ADMINISTRACIÓN I              ,RET,FCAS,Derecho
31911374  INTRO. AL ESTUDIO DEL DERECHO ,31911374  ,MASCULINO,CEUTEC-TGU,PREGRADO,0.00,0.00,0.00,68.00,4,4,INTRO. AL ESTUDIO DEL DERECHO ,RET,FCAS,Derecho
31911374  DERECHO ROMANO                ,31911374  ,MASCULINO,CEUTEC-TGU,PREGRADO,0.00,0.00,0.00,68.00,4,4,DERECHO ROMANO                ,RET,FCAS,Derecho
31911374  TEORIA GENERAL DEL ESTADO     ,31911374  ,MASCULINO,CEUTEC-TGU,PREGRADO,0.00,0.00,0.00,68.00,4,4,TEORIA GENERAL DEL ESTADO     ,RET,FCAS,Derecho
11541127  DERECHO MERCANTIL I           ,11541127  ,FEMENINO,CEUTEC-TGU,PREGRADO,57.50,79.00,24.00,68.00,1,1,DERECHO MERCANTIL I           ,RET,FCAS,Derecho
31811327  DERECHO CONSTITUCIONAL        ,31811327  ,MASCULINO,CEUTEC-TGU,PREGRADO,64.67,75.00,5.00,68.00,1,1,DERECHO CONSTITUCIONAL        ,RET,FCAS,Derecho
31911575  ADMINISTRACIÓN I              ,31911575  ,FEMENINO,CEUTEC-TGU,PREGRADO,0.00,0.00,0.00,64.00,2,2,ADMINISTRACIÓN I              ,RET,FCAS,Psicología
31911575  OFIMATICA I                   ,31911575  ,FEMENINO,CEUTEC-TGU,PREGRADO,0.00,0.00,0.00,64.00,2,2,OFIMATICA I                   ,RET,FCAS,Psicología
31911576  ADMINISTRACIÓN I              ,31911576  ,FEMENINO,CEUTEC-TGU,PREGRADO,0.00,0.00,0.00,64.00,2,2,ADMINISTRACIÓN I              ,RET,FCAS,Psicología
31911576  OFIMATICA I                   ,31911576  ,FEMENINO,CEUTEC-TGU,PREGRADO,0.00,0.00,0.00,64.00,2,2,OFIMATICA I                   ,RET,FCAS,Psicología
31911522  ADMINISTRACIÓN I              ,31911522  ,MASCULINO,CEUTEC-TGU,PREGRADO,0.00,0.00,0.00,57.00,4,4,ADMINISTRACIÓN I              ,RET,FCAS,Admon. Empresas Premier
31911522  OFIMÁTICA AVANZADA            ,31911522  ,MASCULINO,CEUTEC-TGU,PREGRADO,0.00,0.00,0.00,57.00,4,4,OFIMÁTICA AVANZADA            ,RET,FCAS,Admon. Empresas Premier
31911522  INTRODUCCION AL ALGEBRA       ,31911522  ,MASCULINO,CEUTEC-TGU,PREGRADO,0.00,0.00,0.00,57.00,4,4,INTRODUCCION AL ALGEBRA       ,RET,FCAS,Admon. Empresas Premier
31911522  SOCIOLOGIA                    ,31911522  ,MASCULINO,CEUTEC-TGU,PREGRADO,0.00,0.00,0.00,57.00,4,4,SOCIOLOGIA                    ,RET,FCAS,Admon. Empresas Premier
51851066  ADMINISTRACIÓN I              ,51851066  ,FEMENINO,CEUTEC-TGU,PREGRADO,0.00,0.00,0.00,57.00,2,2,ADMINISTRACIÓN I              ,RET,FCAS,Admon. Empresas Premier
51851066  INTRODUCCION AL ALGEBRA       ,51851066  ,FEMENINO,CEUTEC-TGU,PREGRADO,0.00,0.00,0.00,57.00,2,2,INTRODUCCION AL ALGEBRA       ,RET,FCAS,Admon. Empresas Premier
311111382 ADMINISTRACION II             ,311111382 ,MASCULINO,CEUTEC-TGU,PREGRADO,58.18,68.00,8.00,30.00,2,2,ADMINISTRACION II             ,RET,FCAS,Técnico Admon
311111382 OFIMATICA II                  ,311111382 ,MASCULINO,CEUTEC-TGU,PREGRADO,58.18,68.00,8.00,30.00,2,2,OFIMATICA II                  ,RET,FCAS,Técnico Admon
31911931  ADMINISTRACIÓN I              ,31911931  ,FEMENINO,CEUTEC-TGU,PREGRADO,0.00,0.00,0.00,30.00,2,2,ADMINISTRACIÓN I              ,RET,FCAS,Técnico Admon
31911931  INTRODUCCION AL ALGEBRA       ,31911931  ,FEMENINO,CEUTEC-TGU,PREGRADO,0.00,0.00,0.00,30.00,2,2,INTRODUCCION AL ALGEBRA       ,RET,FCAS,Técnico Admon
30641276  ESPAÑOL                       ,30641276  ,MASCULINO,CEUTEC-TGU,PREGRADO,58.43,72.00,10.00,29.00,2,2,ESPAÑOL                       ,RET,FIA,Técnico Sist. Inf.
30641276  ALGEBRA                       ,30641276  ,MASCULINO,CEUTEC-TGU,PREGRADO,58.43,72.00,10.00,29.00,2,2,ALGEBRA                       ,RET,FIA,Técnico Sist. Inf.
31911161  SOCIOLOGIA                    ,31911161  ,MASCULINO,CEUTEC-TGU,PREGRADO,0.00,0.00,0.00,36.00,4,4,SOCIOLOGIA                    ,RET,FCAS,Técnico Dis. Gráf.
31911161  ADMINISTRACIÓN I              ,31911161  ,MASCULINO,CEUTEC-TGU,PREGRADO,0.00,0.00,0.00,36.00,4,4,ADMINISTRACIÓN I              ,RET,FCAS,Técnico Dis. Gráf.
31911161  ESPAÑOL                       ,31911161  ,MASCULINO,CEUTEC-TGU,PREGRADO,0.00,0.00,0.00,36.00,4,4,ESPAÑOL                       ,RET,FCAS,Técnico Dis. Gráf.
31911161  OFIMATICA I                   ,31911161  ,MASCULINO,CEUTEC-TGU,PREGRADO,0.00,0.00,0.00,36.00,4,4,OFIMATICA I                   ,RET,FCAS,Técnico Dis. Gráf.
T31811170 ATENCIÓN ADULTO Y A. MAYOR    ,T31811170 ,FEMENINO,CEUTEC-TGU,TECVOC,74.05,74.00,15.00,28.00,3,3,ATENCIÓN ADULTO Y A. MAYOR    ,RET,Técnico Universitario,Técnico en Enfermería
T31811170 PRIMEROS AUXILIOS             ,T31811170 ,FEMENINO,CEUTEC-TGU,TECVOC,74.05,74.00,15.00,28.00,3,3,PRIMEROS AUXILIOS             ,RET,Técnico Universitario,Técnico en Enfermería
T31811170 SALUD PÚBLICA                 ,T31811170 ,FEMENINO,CEUTEC-TGU,TECVOC,74.05,74.00,15.00,28.00,3,3,SALUD PÚBLICA                 ,RET,Técnico Universitario,Técnico en Enfermería
T31851091 QUÍMICA PARA ENFERMERÍA       ,T31851091 ,FEMENINO,CEUTEC-TGU,TECVOC,0.00,0.00,0.00,28.00,4,4,QUÍMICA PARA ENFERMERÍA       ,RET,Técnico Universitario,Técnico en Enfermería
T31851091 PROCESOS BIOLÓGICOS           ,T31851091 ,FEMENINO,CEUTEC-TGU,TECVOC,0.00,0.00,0.00,28.00,4,4,PROCESOS BIOLÓGICOS           ,RET,Técnico Universitario,Técnico en Enfermería
T31851091 MATEMÁTICA BÁSICA             ,T31851091 ,FEMENINO,CEUTEC-TGU,TECVOC,0.00,0.00,0.00,28.00,4,4,MATEMÁTICA BÁSICA             ,RET,Técnico Universitario,Técnico en Enfermería
T31851091 FUNDAMENTOS Y TEC. B. ENFERM I,T31851091 ,FEMENINO,CEUTEC-TGU,TECVOC,0.00,0.00,0.00,28.00,4,4,FUNDAMENTOS Y TEC. B. ENFERM I,RET,Técnico Universitario,Técnico en Enfermería
T31911035 FUNDAMENTOS Y TEC. B. ENFERM I,T31911035 ,FEMENINO,CEUTEC-TGU,TECVOC,0.00,0.00,0.00,28.00,4,4,FUNDAMENTOS Y TEC. B. ENFERM I,RET,Técnico Universitario,Técnico en Enfermería
T31911035 QUÍMICA PARA ENFERMERÍA       ,T31911035 ,FEMENINO,CEUTEC-TGU,TECVOC,0.00,0.00,0.00,28.00,4,4,QUÍMICA PARA ENFERMERÍA       ,RET,Técnico Universitario,Técnico en Enfermería
T31911035 PROCESOS BIOLÓGICOS           ,T31911035 ,FEMENINO,CEUTEC-TGU,TECVOC,0.00,0.00,0.00,28.00,4,4,PROCESOS BIOLÓGICOS           ,RET,Técnico Universitario,Técnico en Enfermería
T31911035 MATEMÁTICA BÁSICA             ,T31911035 ,FEMENINO,CEUTEC-TGU,TECVOC,0.00,0.00,0.00,28.00,4,4,MATEMÁTICA BÁSICA             ,RET,Técnico Universitario,Técnico en Enfermería
T31911204 MATEMÁTICA BÁSICA             ,T31911204 ,FEMENINO,CEUTEC-TGU,TECVOC,0.00,0.00,0.00,28.00,4,4,MATEMÁTICA BÁSICA             ,RET,Técnico Universitario,Técnico en Enfermería
T31911204 FUNDAMENTOS Y TEC. B. ENFERM I,T31911204 ,FEMENINO,CEUTEC-TGU,TECVOC,0.00,0.00,0.00,28.00,4,4,FUNDAMENTOS Y TEC. B. ENFERM I,RET,Técnico Universitario,Técnico en Enfermería
T31911204 QUÍMICA PARA ENFERMERÍA       ,T31911204 ,FEMENINO,CEUTEC-TGU,TECVOC,0.00,0.00,0.00,28.00,4,4,QUÍMICA PARA ENFERMERÍA       ,RET,Técnico Universitario,Técnico en Enfermería
T31911204 PROCESOS BIOLÓGICOS           ,T31911204 ,FEMENINO,CEUTEC-TGU,TECVOC,0.00,0.00,0.00,28.00,4,4,PROCESOS BIOLÓGICOS           ,RET,Técnico Universitario,Técnico en Enfermería
T31911226 FUNDAMENTOS Y TEC. B. ENFERM I,T31911226 ,FEMENINO,CEUTEC-TGU,TECVOC,0.00,0.00,0.00,28.00,3,3,FUNDAMENTOS Y TEC. B. ENFERM I,RET,Técnico Universitario,Técnico en Enfermería
T31911226 QUÍMICA PARA ENFERMERÍA       ,T31911226 ,FEMENINO,CEUTEC-TGU,TECVOC,0.00,0.00,0.00,28.00,3,3,QUÍMICA PARA ENFERMERÍA       ,RET,Técnico Universitario,Técnico en Enfermería
T31911226 PROCESOS BIOLÓGICOS           ,T31911226 ,FEMENINO,CEUTEC-TGU,TECVOC,0.00,0.00,0.00,28.00,3,3,PROCESOS BIOLÓGICOS           ,RET,Técnico Universitario,Técnico en Enfermería
T31821090 FUNDAMENTO BASE DE DATOS      ,T31821090 ,MASCULINO,CEUTEC-TGU,TECVOC,78.58,78.58,5.00,27.00,2,2,FUNDAMENTO BASE DE DATOS      ,SD,Técnico Universitario,TecVoc Redes
T31821090 REDES II                      ,T31821090 ,MASCULINO,CEUTEC-TGU,TECVOC,78.58,78.58,5.00,27.00,2,2,REDES II                      ,SD,Técnico Universitario,TecVoc Redes
T31851055 COMUNICACIÓN ORAL Y ESCRITA   ,T31851055 ,MASCULINO,CEUTEC-TGU,TECVOC,0.00,0.00,0.00,29.00,4,4,COMUNICACIÓN ORAL Y ESCRITA   ,RET,Técnico Universitario,TecVoc Obras Civiles
T31851055 MATEMÁTICA APLICADA           ,T31851055 ,MASCULINO,CEUTEC-TGU,TECVOC,0.00,0.00,0.00,29.00,4,4,MATEMÁTICA APLICADA           ,RET,Técnico Universitario,TecVoc Obras Civiles
T31851055 TALLER DE DIBUJO TÉCNICO I    ,T31851055 ,MASCULINO,CEUTEC-TGU,TECVOC,0.00,0.00,0.00,29.00,4,4,TALLER DE DIBUJO TÉCNICO I    ,RET,Técnico Universitario,TecVoc Obras Civiles
T31851055 CONCEPTOS GEOMÉTRICOS         ,T31851055 ,MASCULINO,CEUTEC-TGU,TECVOC,0.00,0.00,0.00,29.00,4,4,CONCEPTOS GEOMÉTRICOS         ,RET,Técnico Universitario,TecVoc Obras Civiles
T31821103 INGLÉS IV                     ,T31821103 ,FEMENINO,CEUTEC-TGU,TECVOC,95.39,95.00,12.00,28.00,4,4,INGLÉS IV                     ,RET,Técnico Universitario,TecVoc Call Center
T31821103 AUDIO TYPING                  ,T31821103 ,FEMENINO,CEUTEC-TGU,TECVOC,95.39,95.00,12.00,28.00,4,4,AUDIO TYPING                  ,RET,Técnico Universitario,TecVoc Call Center
T31821103 TALLER INTELIGENCIA EMOCIONAL ,T31821103 ,FEMENINO,CEUTEC-TGU,TECVOC,95.39,95.00,12.00,28.00,4,4,TALLER INTELIGENCIA EMOCIONAL ,RET,Técnico Universitario,TecVoc Call Center
T31821103 TALLER DE ATENCIÓN AL CLIENTE ,T31821103 ,FEMENINO,CEUTEC-TGU,TECVOC,95.39,95.00,12.00,28.00,4,4,TALLER DE ATENCIÓN AL CLIENTE ,RET,Técnico Universitario,TecVoc Call Center
T31841020 TALLER DE PRONUNCIACIÓN       ,T31841020 ,FEMENINO,CEUTEC-TGU,TECVOC,63.78,72.00,4.00,28.00,3,3,TALLER DE PRONUNCIACIÓN       ,RET,Técnico Universitario,TecVoc Call Center
T31841020 INGLÉS II                     ,T31841020 ,FEMENINO,CEUTEC-TGU,TECVOC,63.78,72.00,4.00,28.00,3,3,INGLÉS II                     ,RET,Técnico Universitario,TecVoc Call Center
T31841020 SEGURIDAD E HIGIENE TRABAJO   ,T31841020 ,FEMENINO,CEUTEC-TGU,TECVOC,63.78,72.00,4.00,28.00,3,3,SEGURIDAD E HIGIENE TRABAJO   ,RET,Técnico Universitario,TecVoc Call Center
T31911242 INTRO A LA TEC CALL CENTER    ,T31911242 ,FEMENINO,CEUTEC-TGU,TECVOC,0.00,0.00,0.00,28.00,4,4,INTRO A LA TEC CALL CENTER    ,RET,Técnico Universitario,TecVoc Call Center
T31911242 INGLÉS I                      ,T31911242 ,FEMENINO,CEUTEC-TGU,TECVOC,0.00,0.00,0.00,28.00,4,4,INGLÉS I                      ,RET,Técnico Universitario,TecVoc Call Center
T31911242 COMUNICACIÓN ORAL Y ESCRITA   ,T31911242 ,FEMENINO,CEUTEC-TGU,TECVOC,0.00,0.00,0.00,28.00,4,4,COMUNICACIÓN ORAL Y ESCRITA   ,RET,Técnico Universitario,TecVoc Call Center
T31911242 MATEMÁTICA BÁSICA             ,T31911242 ,FEMENINO,CEUTEC-TGU,TECVOC,0.00,0.00,0.00,28.00,4,4,MATEMÁTICA BÁSICA             ,RET,Técnico Universitario,TecVoc Call Center
T31911010 INTRO A LA TEC CALL CENTER    ,T31911010 ,FEMENINO,CEUTEC-TGU,TECVOC,0.00,0.00,0.00,28.00,3,3,INTRO A LA TEC CALL CENTER    ,RET,Técnico Universitario,TecVoc Call Center Flexible
T31911010 INGLÉS I                      ,T31911010 ,FEMENINO,CEUTEC-TGU,TECVOC,0.00,0.00,0.00,28.00,3,3,INGLÉS I                      ,RET,Técnico Universitario,TecVoc Call Center Flexible
T31911010 COMUNICACIÓN ORAL Y ESCRITA   ,T31911010 ,FEMENINO,CEUTEC-TGU,TECVOC,0.00,0.00,0.00,28.00,3,3,COMUNICACIÓN ORAL Y ESCRITA   ,RET,Técnico Universitario,TecVoc Call Center Flexible
